Rk,Player,Nation,Position,Squad,Competition,Age,Born,Matches Played,Starts,Minutes Played,90s Played,Goals Against,Goals Against p90,Shots On Target Against,Saves,Save %,Wins,Draws,Losses,Clean Sheets,Clean Sheet %,PK Against,PK Goals Against,PK Saved,PK Missed,PK Save %,Goals Against,PK Goals Against,Free Kick Goals Against,Corner Kick Goals Against,Own Goals,PSxG Faced,PSxG Per SoT,PSxG Saved,PSxG Saved Per 90,Launched Passes Completed,Launched Passes Attempted,Launched Pass Completion %,Passes Attempted,Throws Attempted,Pass Launch %,Avg Pass Length,Goals Kicks Attempted,GK Launch %,Avg GK Length,Crosses Faced,Crosses Stopped,Cross Stopping %,Def outside Pen Area,Def Outside Pen Area p90,Avg Def Act Distance,Poss
1,Adrian,es ESP,GK,Betis,es La Liga,38-052,1987,6.0,1.0,90.0,6.0,1.5,1.5,3.6666666666666665,2.1666666666666665,63.6,0.5,0.16666666666666666,0.3333333333333333,0.3333333333333333,33.3,0.16666666666666666,0.16666666666666666,0.0,0.0,0.0,1.5,0.16666666666666666,0.0,0.3333333333333333,0.0,1.2666666666666666,0.051666666666666666,-0.2333333333333333,-0.23,4.333333333333333,11.166666666666666,38.8,32.0,4.666666666666667,30.7,32.3,4.833333333333333,27.6,33.0,13.833333333333334,0.8333333333333334,6.0,0.5,0.5,12.1,1.0798297691111314
2,Julen Agirrezabala,es ESP,GK,Athletic Club,es La Liga,24-060,2000,14.0,1.044776119402985,90.0,13.4,0.6716417910447761,0.67,2.5373134328358207,1.791044776119403,76.5,0.6716417910447761,0.29850746268656714,0.07462686567164178,0.3731343283582089,35.7,0.14925373134328357,0.07462686567164178,0.07462686567164178,0.0,50.0,0.6716417910447761,0.07462686567164178,0.14925373134328357,0.07462686567164178,0.0,0.7835820895522387,0.020149253731343283,0.11194029850746269,0.11,4.253731343283582,13.283582089552239,32.0,25.44776119402985,3.8059701492537314,37.5,33.9,4.925373134328358,75.8,54.9,10.671641791044776,1.4925373134328357,14.0,1.2686567164179103,1.27,14.2,0.95004162504212
3,Alisson,br BRA,GK,Liverpool,eng Premier League,32-145,1992,19.0,1.0052910052910053,89.84126984126985,18.9,0.8994708994708995,0.9,3.174603174603175,2.2751322751322753,71.7,0.6878306878306879,0.2645502645502646,0.052910052910052914,0.3703703703703704,36.8,0.0,0.0,0.0,0.0,0.0,0.8994708994708995,0.0,0.0,0.052910052910052914,0.0,0.9206349206349206,0.015343915343915344,0.021164021164021166,0.02,2.3280423280423284,6.666666666666667,34.9,27.77777777777778,4.074074074074074,20.8,26.2,2.592592592592593,34.7,30.7,9.576719576719578,0.3703703703703704,3.9,1.6931216931216932,1.7,14.9,1.3095069212126382
4,Alphonse Areola,fr FRA,GK,West Ham,eng Premier League,31-363,1993,15.0,0.9929078014184397,90.0709219858156,14.1,1.9148936170212767,1.91,4.822695035460993,3.120567375886525,60.3,0.2127659574468085,0.2127659574468085,0.5673758865248227,0.2127659574468085,21.4,0.0,0.0,0.0,0.0,0.0,1.9148936170212767,0.0,0.0,0.14184397163120568,0.2127659574468085,1.3475177304964538,0.019858156028368795,-0.3546099290780142,-0.35,6.595744680851064,16.170212765957448,40.8,31.98581560283688,4.326241134751773,33.5,31.7,8.936170212765958,61.1,44.2,15.106382978723405,0.7092198581560284,4.7,1.0638297872340425,1.06,13.2,0.8219191318826697
5,Kepa Arrizabalaga,es ESP,GK,Bournemouth,eng Premier League,30-144,1994,19.0,1.0,90.0,19.0,1.2105263157894737,1.21,4.842105263157895,3.6315789473684212,77.2,0.5263157894736842,0.15789473684210525,0.3157894736842105,0.2631578947368421,26.3,0.10526315789473684,0.10526315789473684,0.0,0.0,0.0,1.2105263157894737,0.10526315789473684,0.0,0.10526315789473684,0.0,1.4000000000000001,0.014210526315789474,0.18947368421052632,0.19,4.7894736842105265,12.526315789473685,38.2,25.105263157894736,3.5789473684210527,35.8,33.9,6.842105263157895,51.5,40.5,12.789473684210526,0.6842105263157895,5.3,1.894736842105263,1.89,16.2,0.8316189541291854
6,Noah Atubolu,de GER,GK,Freiburg,de Bundesliga,22-275,2002,20.0,1.0,90.0,20.0,1.45,1.45,4.7,3.15,69.1,0.55,0.15,0.3,0.4,40.0,0.1,0.0,0.1,0.0,100.0,1.45,0.0,0.05,0.15,0.0,1.46,0.015,0.01,0.01,6.05,15.95,37.9,40.8,4.65,31.5,32.7,4.5,68.9,51.4,15.15,1.25,8.3,1.2,1.2,12.8,0.8658141900690911
7,Emil Audero,it ITA,GK,Como,it Serie A,28-037,1997,8.0,1.0,90.0,8.0,2.25,2.25,4.25,2.0,58.8,0.25,0.25,0.5,0.0,0.0,0.5,0.5,0.0,0.0,0.0,2.25,0.5,0.0,0.25,0.0,1.55,0.03375,-0.7,-0.7,2.125,6.875,30.9,29.0,3.75,22.0,28.6,2.625,19.0,27.5,11.875,0.625,5.3,1.0,1.0,12.9,1.1635187536836722
8,Brandon Austin,eng ENG,GK,Tottenham,eng Premier League,26-047,1999,1.0,1.0,90.0,1.0,2.0,2.0,4.0,2.0,50.0,0.0,0.0,1.0,0.0,0.0,0.0,0.0,0.0,0.0,0.0,2.0,0.0,0.0,0.0,0.0,2.2,0.55,0.2,0.2,3.0,11.0,27.3,26.0,5.0,38.5,32.3,6.0,16.7,29.0,15.0,5.0,33.3,2.0,2.0,12.4,1.345214034135521
9,Augusto Batalla,ar ARG,GK,Rayo Vallecano,es La Liga,28-300,1996,20.0,1.0,90.0,20.0,1.0,1.0,4.2,3.2,78.6,0.35,0.35,0.3,0.25,25.0,0.15,0.1,0.05,0.0,33.3,1.0,0.1,0.0,0.15,0.05,1.0150000000000001,0.011,0.065,0.06,5.45,16.7,32.6,29.65,3.75,43.2,38.6,6.35,61.4,50.1,14.25,1.05,7.4,0.75,0.75,13.5,1.0
10,Oliver Baumann,de GER,GK,Hoffenheim,de Bundesliga,34-267,1990,18.0,1.0,90.0,18.0,1.9444444444444444,1.94,5.055555555555555,3.0555555555555554,63.7,0.2222222222222222,0.2777777777777778,0.5,0.1111111111111111,11.1,0.2222222222222222,0.1111111111111111,0.1111111111111111,0.0,50.0,1.9444444444444444,0.1111111111111111,0.0,0.2777777777777778,0.05555555555555555,2.088888888888889,0.021666666666666667,0.2,0.2,4.944444444444445,14.055555555555555,35.2,34.27777777777778,5.0,34.4,33.8,4.111111111111111,55.4,45.4,14.666666666666666,0.5,3.4,1.0,1.0,14.8,0.9850011248987592
11,Dimitry Bertaud,cd COD,GK,Montpellier,fr Ligue 1,26-263,1998,3.0,1.0,90.0,3.0,2.6666666666666665,2.67,5.333333333333333,2.6666666666666665,56.3,0.3333333333333333,0.0,0.6666666666666666,0.0,0.0,0.3333333333333333,0.3333333333333333,0.0,0.0,0.0,2.6666666666666665,0.3333333333333333,0.0,0.0,0.0,2.1,0.12,-0.5666666666666667,-0.56,6.0,14.0,42.9,22.0,4.666666666666667,42.4,36.5,8.333333333333334,56.0,44.8,14.333333333333334,2.6666666666666665,18.6,0.6666666666666666,0.67,12.8,0.7882526631364789
12,Marco Bizot,nl NED,GK,Brest,fr Ligue 1,33-351,1991,22.0,1.0,90.0,22.0,1.6818181818181819,1.68,4.136363636363637,2.4545454545454546,64.8,0.4090909090909091,0.13636363636363635,0.45454545454545453,0.2727272727272727,27.3,0.3181818181818182,0.22727272727272727,0.045454545454545456,0.045454545454545456,16.7,1.6818181818181819,0.22727272727272727,0.045454545454545456,0.045454545454545456,0.045454545454545456,1.4545454545454546,0.013636363636363636,-0.18181818181818182,-0.18,6.954545454545454,16.954545454545453,41.0,27.318181818181817,3.6363636363636362,45.9,37.4,6.545454545454546,67.4,50.0,14.136363636363637,1.0,7.1,1.1363636363636365,1.14,14.8,0.9152041184512979
13,Jean Butez,fr FRA,GK,Como,it Serie A,29-261,1995,8.0,1.0,90.0,8.0,1.375,1.37,3.625,2.25,65.5,0.375,0.125,0.5,0.125,12.5,0.125,0.125,0.0,0.0,0.0,1.375,0.125,0.0,0.125,0.0,1.1,0.035,-0.275,-0.27,5.75,13.625,42.2,39.5,5.25,31.6,32.4,1.875,60.0,44.0,10.875,1.0,9.2,2.0,2.0,16.8,1.1635187536836722
14,Marcin Bulka,pl POL,GK,Nice,fr Ligue 1,25-143,1999,23.0,1.0,90.0,23.0,1.173913043478261,1.17,4.826086956521739,3.6956521739130435,77.5,0.5217391304347826,0.30434782608695654,0.17391304347826086,0.2608695652173913,26.1,0.08695652173913043,0.08695652173913043,0.0,0.0,0.0,1.173913043478261,0.08695652173913043,0.0,0.13043478260869565,0.043478260869565216,1.308695652173913,0.01173913043478261,0.1782608695652174,0.18,3.260869565217391,8.695652173913043,37.5,29.347826086956523,5.173913043478261,22.8,28.6,4.956521739130435,40.4,34.6,15.043478260869565,1.1304347826086956,7.5,0.8260869565217391,0.83,11.7,0.8756469982284039
15,Elia Caprile,it ITA,GK,Cagliari,it Serie A,23-183,2001,7.0,1.0,90.0,7.0,1.1428571428571428,1.14,5.0,3.857142857142857,77.1,0.2857142857142857,0.2857142857142857,0.42857142857142855,0.14285714285714285,14.3,0.0,0.0,0.0,0.0,0.0,1.1428571428571428,0.0,0.0,0.14285714285714285,0.0,1.7428571428571427,0.049999999999999996,0.6,0.6,7.571428571428571,17.571428571428573,43.1,28.714285714285715,5.0,42.3,36.4,9.857142857142858,55.1,44.0,16.428571428571427,0.7142857142857143,4.3,0.7142857142857143,0.71,15.3,0.7930335002705472
16,Elia Caprile,it ITA,GK,Napoli,it Serie A,23-183,2001,4.0,0.8333333333333333,90.27777777777777,3.6,0.2777777777777778,0.28,2.2222222222222223,1.9444444444444444,87.5,0.8333333333333333,0.0,0.0,0.8333333333333333,100.0,0.0,0.0,0.0,0.0,0.0,0.2777777777777778,0.0,0.0,0.0,0.0,0.6111111111111112,0.075,0.3333333333333333,0.32,3.0555555555555554,6.944444444444445,44.0,22.77777777777778,2.5,25.6,31.7,4.166666666666667,26.7,30.7,8.61111111111111,0.8333333333333333,9.7,0.8333333333333333,0.83,13.7,1.1635187536836722
17,Cardenas,es ESP,GK,Rayo Vallecano,es La Liga,27-333,1997,5.0,1.0,90.0,5.0,1.2,1.2,3.8,2.6,68.4,0.4,0.2,0.4,0.2,20.0,0.0,0.0,0.0,0.0,0.0,1.2,0.0,0.0,0.0,0.0,1.1199999999999999,0.062,-0.08,-0.08,4.6,16.8,27.4,20.0,3.0,57.0,44.8,7.8,69.2,52.4,13.8,0.2,1.4,0.2,0.2,10.5,1.0
18,Patrik Carlgren,se SWE,GK,Nantes,fr Ligue 1,33-047,1992,3.0,1.0,90.0,3.0,1.6666666666666667,1.67,7.0,5.333333333333333,76.2,0.3333333333333333,0.3333333333333333,0.3333333333333333,0.3333333333333333,33.3,0.0,0.0,0.0,0.0,0.0,1.6666666666666667,0.0,0.0,0.0,0.0,2.033333333333333,0.09666666666666666,0.3666666666666667,0.35,4.666666666666667,12.333333333333334,37.8,23.0,7.0,27.5,30.5,7.666666666666667,78.3,50.7,18.0,0.3333333333333333,1.9,0.3333333333333333,0.33,12.8,0.5739996744954367
19,Marco Carnesecchi,it ITA,GK,Atalanta,it Serie A,24-238,2000,23.0,1.0,90.0,23.0,1.0869565217391304,1.09,3.6956521739130435,2.6956521739130435,71.8,0.6086956521739131,0.21739130434782608,0.17391304347826086,0.34782608695652173,34.8,0.043478260869565216,0.043478260869565216,0.0,0.0,0.0,1.0869565217391304,0.043478260869565216,0.0,0.08695652173913043,0.08695652173913043,1.0434782608695652,0.012608695652173912,0.043478260869565216,0.04,3.260869565217391,10.869565217391305,30.0,25.434782608695652,4.173913043478261,29.9,33.0,5.391304347826087,60.5,46.8,8.521739130434783,0.6521739130434783,7.7,1.391304347826087,1.39,14.7,1.318520776902771
20,Lucas Chevalier,fr FRA,GK,Lille,fr Ligue 1,23-110,2001,23.0,1.0,90.0,23.0,1.0,1.0,3.608695652173913,2.608695652173913,75.9,0.4782608695652174,0.34782608695652173,0.17391304347826086,0.34782608695652173,34.8,0.13043478260869565,0.13043478260869565,0.0,0.0,0.0,1.0,0.13043478260869565,0.0,0.13043478260869565,0.0,1.191304347826087,0.013478260869565217,0.19130434782608696,0.19,3.4782608695652173,8.782608695652174,39.6,27.695652173913043,3.5652173913043477,28.3,30.4,3.347826086956522,28.6,34.6,10.782608695652174,0.5652173913043478,5.2,0.6956521739130435,0.7,14.5,1.3670417874726315
21,Leandro Chichizola,ar ARG,GK,Parma,it Serie A,34-334,1990,1.0,1.0,90.0,1.0,3.0,3.0,6.0,3.0,50.0,0.0,0.0,1.0,0.0,0.0,0.0,0.0,0.0,0.0,0.0,3.0,0.0,0.0,0.0,0.0,2.5,0.43,-0.5,-0.54,3.0,16.0,18.8,41.0,5.0,31.7,33.9,8.0,37.5,34.4,21.0,2.0,9.5,2.0,2.0,16.3,0.7041183958386995
22,Jasper Cillessen,nl NED,GK,Las Palmas,es La Liga,35-308,1989,23.0,1.013215859030837,89.82378854625551,22.7,1.6740088105726874,1.68,4.889867841409692,3.2158590308370045,69.4,0.2643171806167401,0.22026431718061676,0.5286343612334802,0.13215859030837004,13.0,0.30837004405286345,0.1762114537444934,0.0881057268722467,0.04405286343612335,33.3,1.6740088105726874,0.1762114537444934,0.0,0.0881057268722467,0.0881057268722467,1.6916299559471366,0.013215859030837005,0.10572687224669604,0.11,4.273127753303965,14.757709251101321,29.0,31.894273127753305,5.550660792951542,37.6,33.6,6.607929515418502,42.0,40.1,15.550660792951541,0.39647577092511016,2.5,0.6607929515418502,0.66,14.0,1.0649086127746374
23,Diego Conde,es ESP,GK,Villarreal,es La Liga,26-119,1998,19.0,1.0106382978723405,90.0,18.8,1.4893617021276595,1.49,4.25531914893617,2.8191489361702127,68.8,0.5319148936170213,0.3191489361702127,0.15957446808510636,0.10638297872340426,10.5,0.2127659574468085,0.15957446808510636,0.0,0.05319148936170213,0.0,1.4893617021276595,0.15957446808510636,0.05319148936170213,0.3191489361702127,0.05319148936170213,1.1382978723404253,0.01276595744680851,-0.2978723404255319,-0.3,3.0319148936170213,8.191489361702127,37.0,24.893617021276594,4.73404255319149,24.6,29.1,4.787234042553191,43.3,38.7,15.638297872340425,0.9042553191489361,5.8,0.6382978723404255,0.64,11.3,0.9201702308888685
24,Gregoire Coudert,fr FRA,GK,Brest,fr Ligue 1,25-327,1999,1.0,1.0,90.0,1.0,1.0,1.0,7.0,6.0,85.7,1.0,0.0,0.0,0.0,0.0,0.0,0.0,0.0,0.0,0.0,1.0,0.0,0.0,1.0,0.0,0.9,0.13,-0.1,-0.07,3.0,12.0,25.0,34.0,3.0,26.5,31.1,4.0,75.0,52.8,22.0,1.0,4.5,1.0,1.0,11.7,0.9152041184512979
25,Thibaut Courtois,be BEL,GK,Real Madrid,es La Liga,32-289,1992,22.0,1.0,90.0,22.0,0.8636363636363636,0.86,2.772727272727273,1.9545454545454546,72.1,0.6363636363636364,0.2727272727272727,0.09090909090909091,0.36363636363636365,36.4,0.09090909090909091,0.09090909090909091,0.0,0.0,0.0,0.8636363636363636,0.09090909090909091,0.0,0.09090909090909091,0.045454545454545456,0.8136363636363636,0.013181818181818182,-0.004545454545454546,-0.01,1.6818181818181819,6.045454545454546,27.8,29.545454545454547,5.409090909090909,15.4,26.9,4.681818181818182,32.0,37.4,10.681818181818182,0.45454545454545453,4.3,0.5454545454545454,0.55,10.9,1.5153592780074097
26,Finn Dahmen,de GER,GK,Augsburg,de Bundesliga,26-334,1998,8.0,1.0,90.0,8.0,0.375,0.37,3.625,3.375,89.7,0.5,0.375,0.125,0.625,62.5,0.0,0.0,0.0,0.0,0.0,0.375,0.0,0.0,0.0,0.125,1.0875,0.04125,0.8375,0.84,5.625,16.375,34.4,28.875,2.25,39.8,34.6,6.375,76.5,53.5,18.5,0.375,2.0,1.125,1.13,15.3,0.6950210756145111
27,Thomas Dahne,de GER,GK,Holstein Kiel,de Bundesliga,31-051,1994,1.0,1.0,90.0,1.0,3.0,3.0,9.0,5.0,66.7,0.0,0.0,1.0,0.0,0.0,1.0,0.0,1.0,0.0,100.0,3.0,0.0,0.0,1.0,0.0,3.5,0.32,0.5,0.53,5.0,9.0,55.6,35.0,3.0,20.0,29.6,7.0,28.6,29.3,18.0,1.0,5.6,0.0,0.0,7.0,0.6503894548353731
28,Theo De Percin,mq MTQ,GK,Auxerre,fr Ligue 1,24-022,2001,2.0,1.0,90.0,2.0,1.5,1.5,4.5,2.5,77.8,0.0,0.5,0.5,0.5,50.0,1.0,0.5,0.5,0.0,50.0,1.5,0.5,0.0,0.0,0.0,1.75,0.11,0.25,0.23,4.0,15.5,25.8,23.0,2.5,45.7,40.3,6.0,83.3,55.3,19.0,1.5,7.9,1.5,1.5,13.1,0.6030695679949225
29,Arthur Desmas,fr FRA,GK,Le Havre,fr Ligue 1,30-323,1994,17.0,1.0,90.0,17.0,2.1176470588235294,2.12,5.352941176470588,3.176470588235294,62.6,0.23529411764705882,0.0,0.7647058823529411,0.17647058823529413,17.6,0.17647058823529413,0.11764705882352941,0.058823529411764705,0.0,33.3,2.1176470588235294,0.11764705882352941,0.058823529411764705,0.17647058823529413,0.0,2.1999999999999997,0.023529411764705882,0.08235294117647059,0.08,3.176470588235294,8.764705882352942,36.2,22.529411764705884,4.0,29.8,31.4,6.588235294117647,31.3,29.9,15.470588235294118,0.7058823529411765,4.6,0.4117647058823529,0.41,11.9,0.6591976803822628
30,Michele Di Gregorio,it ITA,GK,Juventus,it Serie A,27-212,1997,21.0,1.0,90.0,21.0,0.8571428571428571,0.86,2.761904761904762,1.9047619047619047,75.9,0.47619047619047616,0.47619047619047616,0.047619047619047616,0.47619047619047616,47.6,0.19047619047619047,0.19047619047619047,0.0,0.0,0.0,0.8571428571428571,0.19047619047619047,0.0,0.19047619047619047,0.0,0.7857142857142857,0.010952380952380953,-0.07142857142857142,-0.07,3.3333333333333335,9.619047619047619,34.7,24.857142857142858,3.4761904761904763,28.9,31.4,4.428571428571429,54.8,44.0,14.285714285714286,1.0,7.0,0.5714285714285714,0.57,10.4,1.3713602278765078
31,Stole Dimitrievski,mk MKD,GK,Valencia,es La Liga,31-061,1993,4.0,1.0,90.0,4.0,1.5,1.5,3.0,1.5,58.3,0.0,0.5,0.5,0.0,0.0,0.5,0.25,0.0,0.25,0.0,1.5,0.25,0.0,0.0,0.0,1.125,0.0725,-0.375,-0.38,3.75,18.0,20.8,28.25,6.25,49.6,40.5,5.0,80.0,53.6,12.75,0.75,5.9,4.0,4.0,25.7,0.8462294777359073
32,Yehvann Diouf,fr FRA,GK,Reims,fr Ligue 1,25-100,1999,23.0,1.0,90.0,23.0,1.5217391304347827,1.52,5.173913043478261,3.608695652173913,73.1,0.21739130434782608,0.30434782608695654,0.4782608695652174,0.13043478260869565,13.0,0.17391304347826086,0.13043478260869565,0.043478260869565216,0.0,25.0,1.5217391304347827,0.13043478260869565,0.043478260869565216,0.17391304347826086,0.0,1.826086956521739,0.014347826086956523,0.30434782608695654,0.3,4.391304347826087,13.478260869565217,32.6,29.52173913043478,4.043478260869565,33.1,32.8,5.739130434782608,64.4,45.6,14.173913043478262,0.6956521739130435,4.9,0.8260869565217391,0.83,13.4,0.7978242423032604
33,Marko Dmitrovic,rs SRB,GK,Leganes,es La Liga,33-031,1992,19.0,1.0,90.0,19.0,1.631578947368421,1.63,4.947368421052632,3.3684210526315788,72.3,0.21052631578947367,0.3684210526315789,0.42105263157894735,0.3157894736842105,31.6,0.3157894736842105,0.2631578947368421,0.0,0.05263157894736842,0.0,1.631578947368421,0.2631578947368421,0.0,0.2631578947368421,0.05263157894736842,1.6842105263157894,0.015789473684210527,0.10526315789473684,0.11,6.631578947368421,25.0,26.5,24.473684210526315,3.3157894736842106,64.9,47.4,9.947368421052632,91.5,66.9,19.68421052631579,1.368421052631579,7.0,1.4736842105263157,1.47,14.4,0.6115273197839388
34,Alex Dominguez,es ESP,GK,Toulouse,fr Ligue 1,26-209,1998,1.0,0.0,95.0,0.2,0.0,0.0,0.0,0.0,0.0,0.0,0.0,0.0,5.0,0.0,0.0,0.0,0.0,0.0,0.0,0.0,0.0,0.0,0.0,0.0,0.0,0.0,0.0,0.0,10.0,25.0,40.0,40.0,5.0,25.0,30.0,15.0,100.0,69.3,35.0,0.0,0.0,0.0,0.0,0.0,0.7692324872176355
35,Gianluigi Donnarumma,it ITA,GK,Paris S-G,fr Ligue 1,25-365,1999,18.0,1.0465116279069768,90.17441860465117,17.2,1.0465116279069768,1.04,3.662790697674419,2.616279069767442,73.0,0.813953488372093,0.23255813953488372,0.0,0.1744186046511628,16.7,0.05813953488372093,0.05813953488372093,0.0,0.0,0.0,1.0465116279069768,0.05813953488372093,0.05813953488372093,0.23255813953488372,0.0,1.0290697674418605,0.015697674418604653,-0.01744186046511628,-0.02,1.5116279069767442,4.593023255813954,32.9,25.232558139534884,4.476744186046512,13.6,25.2,3.8953488372093026,29.9,27.7,9.127906976744187,0.46511627906976744,5.1,0.5813953488372093,0.58,13.2,1.7282542059818116
36,Patrick Drewes,de GER,GK,Bochum,de Bundesliga,32-020,1993,21.0,1.0,90.0,21.0,2.1904761904761907,2.19,4.714285714285714,2.4285714285714284,56.6,0.09523809523809523,0.23809523809523808,0.6666666666666666,0.09523809523809523,9.5,0.23809523809523808,0.14285714285714285,0.09523809523809523,0.0,40.0,2.1904761904761907,0.14285714285714285,0.09523809523809523,0.19047619047619047,0.0,2.0142857142857142,0.018095238095238095,-0.1761904761904762,-0.18,10.380952380952381,23.047619047619047,45.0,32.42857142857143,3.0952380952380953,50.1,37.6,8.428571428571429,80.8,52.6,13.571428571428571,0.5714285714285714,4.2,1.5714285714285714,1.57,15.8,0.7041183958386995
37,Martin Dubravka,sk SVK,GK,Newcastle Utd,eng Premier League,36-040,1989,10.0,1.0,90.0,10.0,1.2,1.2,4.1,2.9,70.7,0.7,0.0,0.3,0.5,50.0,0.0,0.0,0.0,0.0,0.0,1.2,0.0,0.0,0.1,0.0,1.29,0.032,0.09,0.09,1.8,8.0,22.5,27.3,5.4,15.8,25.2,5.9,62.7,45.4,12.7,1.0,7.9,1.1,1.1,15.3,1.0399786803111635
38,Ederson,br BRA,GK,Manchester City,eng Premier League,31-191,1993,17.0,1.0,90.0,17.0,1.2941176470588236,1.29,3.4705882352941178,2.235294117647059,66.1,0.5882352941176471,0.11764705882352941,0.29411764705882354,0.23529411764705882,23.5,0.11764705882352941,0.11764705882352941,0.0,0.0,0.0,1.2941176470588236,0.11764705882352941,0.0,0.11764705882352941,0.058823529411764705,1.3647058823529412,0.02235294117647059,0.12941176470588237,0.13,3.411764705882353,7.529411764705882,45.3,34.529411764705884,3.3529411764705883,19.8,28.3,2.764705882352941,25.5,32.0,8.0,0.5294117647058824,6.6,1.8235294117647058,1.82,17.6,1.5005202111902354
39,Lukasz Fabianski,pl POL,GK,West Ham,eng Premier League,39-312,1985,13.0,1.0084033613445378,89.91596638655462,11.9,1.680672268907563,1.68,5.630252100840336,3.949579831932773,74.6,0.42016806722689076,0.25210084033613445,0.3361344537815126,0.1680672268907563,16.7,0.25210084033613445,0.25210084033613445,0.0,0.0,0.0,1.680672268907563,0.25210084033613445,0.08403361344537814,0.25210084033613445,0.0,1.8739495798319328,0.025210084033613443,0.19327731092436973,0.19,5.798319327731092,17.22689075630252,33.7,30.168067226890756,4.369747899159663,41.5,35.4,7.899159663865546,59.6,44.4,16.63865546218487,0.5882352941176471,3.5,0.9243697478991596,0.93,13.7,0.8219191318826697
40,Wladimiro Falcone,it ITA,GK,Lecce,it Serie A,29-318,1995,26.0,1.0,90.0,26.0,1.6153846153846154,1.62,4.8076923076923075,3.1923076923076925,71.2,0.23076923076923078,0.2692307692307692,0.5,0.2692307692307692,26.9,0.2692307692307692,0.23076923076923078,0.038461538461538464,0.0,14.3,1.6153846153846154,0.23076923076923078,0.07692307692307693,0.19230769230769232,0.038461538461538464,1.4692307692307693,0.010384615384615384,-0.10769230769230768,-0.11,5.846153846153846,16.384615384615383,35.7,26.26923076923077,2.9615384615384617,49.9,37.7,4.346153846153846,75.2,50.7,15.0,0.6923076923076923,4.6,0.5769230769230769,0.58,11.0,0.7363751645277967
41,Alvaro Fernandez,es ESP,GK,Sevilla,es La Liga,26-317,1998,8.0,0.9589041095890412,90.0,7.3,1.6438356164383563,1.64,3.9726027397260273,2.328767123287671,65.5,0.273972602739726,0.136986301369863,0.547945205479452,0.4109589041095891,42.9,0.273972602739726,0.273972602739726,0.0,0.0,0.0,1.6438356164383563,0.273972602739726,0.0,0.136986301369863,0.0,1.1506849315068495,0.030136986301369864,-0.4931506849315069,-0.49,5.068493150684931,18.904109589041095,26.8,34.794520547945204,3.2876712328767126,42.1,35.1,5.205479452054795,81.6,54.5,13.287671232876713,0.684931506849315,5.2,1.9178082191780823,1.92,17.5,1.1390924478784579
42,Mark Flekken,nl NED,GK,Brentford,eng Premier League,31-256,1993,25.0,1.0245901639344264,89.95901639344262,24.4,1.639344262295082,1.64,6.065573770491803,4.467213114754099,73.6,0.45081967213114754,0.1639344262295082,0.4098360655737705,0.1639344262295082,16.0,0.04098360655737705,0.04098360655737705,0.0,0.0,0.0,1.639344262295082,0.04098360655737705,0.0,0.0819672131147541,0.04098360655737705,1.598360655737705,0.010655737704918034,0.0,0.0,6.475409836065574,17.5,37.0,43.032786885245905,3.3606557377049184,32.6,33.9,5.327868852459017,65.4,51.4,16.885245901639344,1.2704918032786885,7.5,1.0655737704918034,1.07,11.7,0.8904415297855703
43,Yahia Fofana,ci CIV,GK,Angers,fr Ligue 1,24-187,2000,23.0,1.0,90.0,23.0,1.4782608695652173,1.48,5.565217391304348,4.086956521739131,75.0,0.30434782608695654,0.2608695652173913,0.43478260869565216,0.21739130434782608,21.7,0.13043478260869565,0.08695652173913043,0.0,0.043478260869565216,0.0,1.4782608695652173,0.08695652173913043,0.0,0.21739130434782608,0.0,1.8304347826086957,0.01391304347826087,0.3521739130434782,0.35,4.3478260869565215,12.956521739130435,33.6,21.82608695652174,5.391304347826087,38.8,35.6,8.043478260869565,55.7,43.3,15.652173913043478,1.391304347826087,8.9,0.6521739130434783,0.65,10.4,0.6157809913964236
44,Fraser Forster,eng ENG,GK,Tottenham,eng Premier League,36-344,1988,7.0,1.0,90.0,7.0,2.142857142857143,2.14,6.0,3.857142857142857,69.0,0.14285714285714285,0.2857142857142857,0.5714285714285714,0.14285714285714285,14.3,0.2857142857142857,0.2857142857142857,0.0,0.0,0.0,2.142857142857143,0.2857142857142857,0.0,0.14285714285714285,0.0,2.357142857142857,0.05142857142857143,0.21428571428571427,0.21,1.5714285714285714,4.428571428571429,35.5,20.142857142857142,4.285714285714286,21.3,27.2,8.0,1.8,14.6,11.571428571428571,0.5714285714285714,4.9,0.42857142857142855,0.43,11.1,1.345214034135521
45,Gauthier Gallon,fr FRA,GK,Rennes,fr Ligue 1,31-307,1993,1.0,0.0,90.0,0.5,0.0,0.0,0.0,0.0,0.0,0.0,0.0,0.0,0.0,0.0,0.0,0.0,0.0,0.0,0.0,0.0,0.0,0.0,0.0,0.0,0.0,0.0,0.0,0.0,0.0,6.0,0.0,30.0,4.0,13.3,23.8,8.0,25.0,26.3,4.0,0.0,0.0,2.0,2.0,28.0,1.0299910032388202
46,Joan Garcia,es ESP,GK,Espanyol,es La Liga,23-296,2001,25.0,1.0,90.0,25.0,1.44,1.44,5.04,3.56,73.0,0.28,0.24,0.48,0.16,16.0,0.12,0.08,0.04,0.0,33.3,1.44,0.08,0.08,0.24,0.0,1.584,0.012,0.14400000000000002,0.14,4.72,13.4,35.2,25.8,5.44,36.6,34.6,6.04,65.6,50.0,16.92,1.44,8.5,1.12,1.12,12.8,0.4994797888097647
47,Paulo Gazzaniga,ar ARG,GK,Girona,es La Liga,33-053,1992,25.0,1.0204081632653061,90.0,24.5,1.4285714285714286,1.43,3.7551020408163267,2.204081632653061,63.0,0.3673469387755102,0.16326530612244897,0.4897959183673469,0.24489795918367346,24.0,0.16326530612244897,0.04081632653061224,0.12244897959183673,0.0,75.0,1.4285714285714286,0.04081632653061224,0.04081632653061224,0.12244897959183673,0.0,1.2122448979591836,0.01183673469387755,-0.21632653061224488,-0.22,2.0816326530612246,7.551020408163265,27.6,30.693877551020407,3.836734693877551,19.7,28.9,4.571428571428571,33.0,35.9,11.387755102040817,0.9795918367346939,8.6,0.8979591836734694,0.9,12.9,1.345214034135521
48,David de Gea,es ESP,GK,Fiorentina,it Serie A,34-109,1990,23.0,1.0,90.0,23.0,1.0869565217391304,1.09,3.869565217391304,2.739130434782609,73.0,0.5217391304347826,0.13043478260869565,0.34782608695652173,0.30434782608695654,30.4,0.13043478260869565,0.043478260869565216,0.08695652173913043,0.0,66.7,1.0869565217391304,0.043478260869565216,0.0,0.043478260869565216,0.043478260869565216,1.0521739130434782,0.010869565217391304,0.008695652173913044,0.01,6.0,13.956521739130435,43.0,24.130434782608695,3.391304347826087,41.3,35.9,7.434782608695652,53.8,44.1,13.91304347826087,0.2608695652173913,1.9,0.6521739130434783,0.65,14.6,0.9950000416662499
49,Pierluigi Gollini,it ITA,GK,Genoa,it Serie A,29-343,1995,7.0,1.0,90.0,7.0,2.142857142857143,2.14,4.571428571428571,2.2857142857142856,62.5,0.14285714285714285,0.2857142857142857,0.5714285714285714,0.14285714285714285,14.3,0.5714285714285714,0.42857142857142855,0.14285714285714285,0.0,25.0,2.142857142857143,0.42857142857142855,0.0,0.14285714285714285,0.0,1.7428571428571427,0.041428571428571426,-0.39999999999999997,-0.39,4.714285714285714,10.714285714285714,44.0,28.285714285714285,3.0,24.7,30.4,7.428571428571429,50.0,44.4,13.142857142857142,0.2857142857142857,2.2,0.2857142857142857,0.29,9.6,0.7317288179783987
50,Mathieu Gorgelin,fr FRA,GK,Le Havre,fr Ligue 1,34-203,1990,6.0,1.0,90.0,6.0,1.8333333333333333,1.83,4.333333333333333,2.6666666666666665,61.5,0.16666666666666666,0.3333333333333333,0.5,0.0,0.0,0.16666666666666666,0.16666666666666666,0.0,0.0,0.0,1.8333333333333333,0.16666666666666666,0.0,0.3333333333333333,0.16666666666666666,1.6166666666666665,0.05666666666666667,-0.049999999999999996,-0.05,3.6666666666666665,10.166666666666666,36.1,29.0,5.5,29.3,30.9,6.166666666666667,27.0,30.9,18.333333333333332,1.5,8.2,1.0,1.0,12.3,0.6591976803822628
51,Kamil Grabara,pl POL,GK,Wolfsburg,de Bundesliga,26-047,1999,20.0,1.015228426395939,90.1015228426396,19.7,1.7258883248730965,1.72,5.025380710659898,3.299492385786802,66.7,0.40609137055837563,0.25380710659898476,0.3553299492385787,0.20304568527918782,20.0,0.10152284263959391,0.050761421319796954,0.050761421319796954,0.0,50.0,1.7258883248730965,0.050761421319796954,0.0,0.40609137055837563,0.050761421319796954,1.9137055837563455,0.018781725888324875,0.2385786802030457,0.24,6.2944162436548226,18.527918781725887,34.0,34.111675126903556,3.401015228426396,45.2,37.8,4.365482233502538,70.9,53.4,14.213197969543147,0.3553299492385787,2.5,0.5076142131979695,0.51,12.0,0.7086873875484091
52,Dominik Greif,sk SVK,GK,Mallorca,es La Liga,27-324,1997,19.0,1.0,90.0,19.0,1.2105263157894737,1.21,3.5789473684210527,2.3684210526315788,69.1,0.42105263157894735,0.15789473684210525,0.42105263157894735,0.21052631578947367,21.1,0.10526315789473684,0.10526315789473684,0.0,0.0,0.0,1.2105263157894737,0.10526315789473684,0.0,0.10526315789473684,0.0,0.9631578947368421,0.013157894736842105,-0.2473684210526316,-0.25,6.421052631578948,15.631578947368421,41.1,28.157894736842106,3.9473684210526314,41.3,36.5,6.052631578947368,66.1,50.0,16.31578947368421,0.5789473684210527,3.5,0.47368421052631576,0.47,10.9,0.8122537941317146
53,Vicente Guaita,es ESP,GK,Celta Vigo,es La Liga,38-045,1987,21.0,1.0,90.0,21.0,1.380952380952381,1.38,3.619047619047619,2.238095238095238,63.2,0.3333333333333333,0.23809523809523808,0.42857142857142855,0.23809523809523808,23.8,0.047619047619047616,0.047619047619047616,0.0,0.0,0.0,1.380952380952381,0.047619047619047616,0.0,0.19047619047619047,0.0,1.1238095238095238,0.014285714285714285,-0.2571428571428572,-0.26,2.0476190476190474,6.619047619047619,30.9,22.047619047619047,6.238095238095238,20.7,27.9,6.333333333333333,32.3,33.9,13.333333333333334,1.0476190476190477,7.9,1.1428571428571428,1.14,13.7,1.1780808681173303
54,Peter Gulacsi,hu HUN,GK,RB Leipzig,de Bundesliga,34-294,1990,22.0,1.0232558139534884,90.0,21.5,1.3953488372093024,1.4,4.558139534883721,3.116279069767442,71.4,0.4186046511627907,0.37209302325581395,0.23255813953488372,0.5116279069767442,50.0,0.13953488372093023,0.09302325581395349,0.046511627906976744,0.0,33.3,1.3953488372093024,0.09302325581395349,0.046511627906976744,0.13953488372093023,0.0,1.4651162790697674,0.01441860465116279,0.06976744186046512,0.07,2.186046511627907,5.953488372093023,36.7,23.488372093023255,4.558139534883721,17.8,27.5,6.465116279069767,27.3,31.3,14.511627906976743,0.7441860465116279,5.1,0.7906976744186046,0.79,14.5,1.148885033623318
55,Kjetil Haug,no NOR,GK,Toulouse,fr Ligue 1,26-257,1998,3.0,0.8,91.2,2.5,1.6,1.58,3.6,2.0,55.6,0.4,0.4,0.0,0.0,0.0,0.0,0.0,0.0,0.0,0.0,1.6,0.0,0.0,0.8,0.0,1.16,0.148,-0.44000000000000006,-0.45,4.8,16.0,30.0,15.6,1.6,56.4,40.8,9.2,78.3,50.8,15.2,0.4,2.6,0.8,0.79,15.1,0.7692324872176355
56,Dean Henderson,eng ENG,GK,Crystal Palace,eng Premier League,27-349,1997,26.0,1.0,90.0,26.0,1.2307692307692308,1.23,3.8461538461538463,2.6538461538461537,69.0,0.3076923076923077,0.34615384615384615,0.34615384615384615,0.3076923076923077,30.8,0.07692307692307693,0.038461538461538464,0.038461538461538464,0.0,50.0,1.2307692307692308,0.038461538461538464,0.0,0.07692307692307693,0.07692307692307693,1.2423076923076921,0.012307692307692308,0.08846153846153845,0.09,4.0,15.76923076923077,25.4,24.653846153846153,3.0,47.9,38.4,7.538461538461538,52.6,43.1,14.807692307692308,0.7692307692307693,5.2,1.1923076923076923,1.19,14.7,0.6995629028523457
57,Mads Hermansen,dk DEN,GK,Leicester City,eng Premier League,24-228,2000,19.0,1.027027027027027,90.0,18.5,2.2162162162162162,2.22,6.0,3.891891891891892,64.0,0.16216216216216217,0.2702702702702703,0.5945945945945946,0.05405405405405406,5.3,0.05405405405405406,0.05405405405405406,0.0,0.0,0.0,2.2162162162162162,0.05405405405405406,0.0,0.10810810810810811,0.10810810810810811,2.2486486486486488,0.02,0.14054054054054055,0.14,4.216216216216216,16.81081081081081,25.1,33.67567567567568,5.135135135135135,38.8,34.4,5.45945945945946,68.3,47.1,16.486486486486488,0.972972972972973,5.9,0.972972972972973,0.97,13.1,0.7978242423032604
58,Sergio Herrera,es ESP,GK,Osasuna,es La Liga,31-264,1993,25.0,1.0,90.0,25.0,1.36,1.36,4.8,3.48,74.2,0.28,0.44,0.28,0.2,20.0,0.12,0.12,0.0,0.0,0.0,1.36,0.12,0.04,0.12,0.04,1.484,0.0116,0.16399999999999998,0.16,7.44,16.68,44.6,26.76,3.6,43.9,38.0,7.0,70.3,51.5,14.28,1.12,7.8,2.52,2.52,19.8,0.8170820431344397
59,Dinko Horkas,hr CRO,GK,Las Palmas,es La Liga,25-351,1999,3.0,0.8695652173913044,91.73913043478261,2.3,2.173913043478261,2.13,3.91304347826087,1.3043478260869565,44.4,0.0,0.0,0.8695652173913044,0.0,0.0,0.4347826086956522,0.0,0.4347826086956522,0.0,100.0,2.173913043478261,0.0,0.0,0.0,0.0,1.7826086956521738,0.16956521739130437,-0.391304347826087,-0.4,3.0434782608695654,8.260869565217392,36.8,36.95652173913044,3.91304347826087,16.5,26.8,4.782608695652175,45.5,33.2,13.478260869565219,0.0,0.0,3.0434782608695654,2.99,23.8,1.0649086127746374
60,Timo Horn,de GER,GK,Bochum,de Bundesliga,31-288,1993,2.0,1.0,90.0,2.0,0.5,0.5,4.0,3.5,87.5,0.5,0.5,0.0,0.5,50.0,0.0,0.0,0.0,0.0,0.0,0.5,0.0,0.0,0.5,0.0,1.3,0.195,0.8,0.79,14.5,33.5,43.3,30.5,2.0,72.1,48.4,12.0,95.8,60.8,20.0,1.0,5.0,1.0,1.0,12.3,0.7041183958386995
61,Lukas Hradecky,fi FIN,GK,Leverkusen,de Bundesliga,35-092,1989,20.0,1.0,90.0,20.0,1.2,1.2,3.9,2.8,73.1,0.6,0.4,0.0,0.2,20.0,0.15,0.15,0.0,0.0,0.0,1.2,0.15,0.05,0.1,0.1,1.135,0.013000000000000001,0.034999999999999996,0.04,4.05,10.3,39.3,25.95,3.8,30.3,30.9,4.7,52.1,41.7,11.05,0.45,4.1,1.05,1.05,15.0,1.3927098596476681
62,Karl Jakob Hein,ee EST,GK,Valladolid,es La Liga,22-317,2002,25.0,1.0,90.0,25.0,2.36,2.36,5.6,3.28,59.3,0.16,0.12,0.72,0.2,20.0,0.08,0.08,0.0,0.0,0.0,2.36,0.08,0.04,0.16,0.04,1.952,0.013600000000000001,-0.368,-0.37,5.6,14.88,37.6,31.12,4.6,32.0,33.5,7.4,66.5,52.6,16.4,1.28,7.8,1.2,1.2,14.2,0.641642601649214
63,Vitezslav Jaros,cz CZE,GK,Liverpool,eng Premier League,23-216,2001,1.0,0.0,120.0,0.1,0.0,0.0,10.0,10.0,100.0,0.0,0.0,0.0,10.0,0.0,0.0,0.0,0.0,0.0,0.0,0.0,0.0,0.0,0.0,0.0,0.0,0.3,0.0,0.25,50.0,70.0,71.4,70.0,20.0,85.7,50.9,10.0,100.0,59.0,20.0,0.0,0.0,0.0,0.0,11.0,1.3095069212126382
64,Karl-Johan Johnsson,se SWE,GK,Strasbourg,fr Ligue 1,35-027,1990,3.0,1.0,90.0,3.0,2.0,2.0,7.333333333333333,5.333333333333333,77.3,0.3333333333333333,0.3333333333333333,0.3333333333333333,0.0,0.0,0.3333333333333333,0.3333333333333333,0.0,0.0,0.0,2.0,0.3333333333333333,0.0,0.0,0.0,2.2333333333333334,0.08666666666666667,0.2333333333333333,0.22,2.0,7.333333333333333,27.3,40.666666666666664,7.0,15.6,23.9,2.3333333333333335,42.9,39.7,16.0,0.6666666666666666,4.2,1.0,1.0,11.1,0.9600213196888365
65,Sam Johnstone,eng ENG,GK,Wolves,eng Premier League,31-336,1993,7.0,1.0,90.0,7.0,2.4285714285714284,2.43,5.571428571428571,3.2857142857142856,61.5,0.0,0.14285714285714285,0.8571428571428571,0.0,0.0,0.2857142857142857,0.2857142857142857,0.0,0.0,0.0,2.4285714285714284,0.2857142857142857,0.0,0.7142857142857143,0.14285714285714285,1.8571428571428572,0.041428571428571426,-0.42857142857142855,-0.43,7.428571428571429,18.428571428571427,40.3,36.0,4.0,45.6,36.6,3.5714285714285716,56.0,43.2,14.857142857142858,1.1428571428571428,7.7,1.5714285714285714,1.57,13.4,0.8462294777359073
66,Jesse Joronen,fi FIN,GK,Venezia,it Serie A,31-340,1993,8.0,0.8974358974358975,90.12820512820512,7.8,1.9230769230769231,1.92,5.128205128205129,3.4615384615384617,70.0,0.12820512820512822,0.12820512820512822,0.6410256410256411,0.25641025641025644,28.6,0.38461538461538464,0.38461538461538464,0.0,0.0,0.0,1.9230769230769231,0.38461538461538464,0.0,0.38461538461538464,0.25641025641025644,1.6153846153846154,0.03333333333333333,-0.05128205128205129,-0.05,2.5641025641025643,10.76923076923077,23.8,33.333333333333336,5.897435897435898,28.1,31.0,5.256410256410256,26.8,34.9,16.025641025641026,0.7692307692307693,4.8,0.6410256410256411,0.64,9.4,0.7457044673736087
67,Luiz Lucio Reis Junior,br BRA,GK,Villarreal,es La Liga,24-041,2001,7.0,0.9677419354838709,90.0,6.2,1.129032258064516,1.13,3.5483870967741935,2.4193548387096775,72.7,0.3225806451612903,0.3225806451612903,0.3225806451612903,0.16129032258064516,16.7,0.16129032258064516,0.16129032258064516,0.0,0.0,0.0,1.129032258064516,0.16129032258064516,0.16129032258064516,0.0,0.0,1.1774193548387095,0.04838709677419355,0.04838709677419355,0.05,3.8709677419354835,10.483870967741936,36.9,23.387096774193548,5.483870967741935,33.8,32.7,4.67741935483871,55.2,46.4,13.225806451612902,0.9677419354838709,7.3,2.096774193548387,2.1,16.3,0.9201702308888685
68,Filip Jorgensen,dk DEN,GK,Chelsea,eng Premier League,22-314,2002,5.0,1.0,90.0,5.0,1.8,1.8,5.2,3.4,69.2,0.4,0.0,0.6,0.0,0.0,0.2,0.2,0.0,0.0,0.0,1.8,0.2,0.0,0.2,0.0,1.72,0.06,-0.08,-0.08,0.8,5.4,14.8,27.6,3.6,18.8,24.6,3.0,6.7,15.7,9.0,0.4,4.4,0.4,0.4,13.2,1.3884726802160612
69,Caoimhin Kelleher,ie IRL,GK,Liverpool,eng Premier League,26-093,1998,8.0,1.0,90.0,8.0,1.125,1.13,3.875,2.625,71.0,0.75,0.25,0.0,0.375,37.5,0.125,0.0,0.125,0.0,100.0,1.125,0.0,0.0,0.0,0.0,1.3,0.03875,0.175,0.17,3.125,11.75,26.6,35.125,4.625,29.9,29.1,1.875,66.7,44.7,10.875,0.5,4.6,1.0,1.0,15.1,1.3095069212126382
70,Antonin Kinsky,cz CZE,GK,Tottenham,eng Premier League,21-348,2003,4.0,1.0,90.0,4.0,1.75,1.75,4.0,2.75,56.3,0.25,0.0,0.75,0.25,25.0,0.0,0.0,0.0,0.0,0.0,1.75,0.0,0.0,0.0,0.5,1.125,0.07,-0.125,-0.12,3.0,8.25,36.4,31.5,4.0,23.8,29.1,4.75,15.8,22.5,18.75,0.75,4.0,1.0,1.0,10.1,1.345214034135521
71,Gregor Kobel,ch SUI,GK,Dortmund,de Bundesliga,27-080,1997,21.0,1.0,90.0,21.0,1.619047619047619,1.62,4.142857142857143,2.5238095238095237,64.4,0.38095238095238093,0.23809523809523808,0.38095238095238093,0.19047619047619047,19.0,0.14285714285714285,0.14285714285714285,0.0,0.0,0.0,1.619047619047619,0.14285714285714285,0.0,0.19047619047619047,0.047619047619047616,1.5476190476190477,0.016666666666666666,-0.023809523809523808,-0.03,3.380952380952381,9.80952380952381,34.5,36.57142857142857,3.761904761904762,21.6,27.4,3.4761904761904763,54.8,42.4,12.142857142857142,0.6190476190476191,5.1,1.1904761904761905,1.19,14.6,1.4853810906053715
72,Herve Koffi,bf BFA,GK,Lens,fr Ligue 1,28-131,1996,5.0,1.0,90.0,5.0,1.6,1.6,5.2,3.6,76.9,0.2,0.0,0.8,0.0,0.0,0.4,0.4,0.0,0.0,0.0,1.6,0.4,0.0,0.2,0.0,2.2199999999999998,0.076,0.62,0.61,2.8,8.4,33.3,23.0,4.4,29.6,33.2,3.8,42.1,36.4,10.6,0.8,7.5,0.4,0.4,9.4,1.221278467898444
73,Philipp Kohn,ch SUI,GK,Monaco,fr Ligue 1,26-328,1998,10.0,1.0,90.0,10.0,1.0,1.0,3.3,2.3,72.7,0.6,0.3,0.1,0.4,40.0,0.1,0.1,0.0,0.0,0.0,1.0,0.1,0.0,0.1,0.0,0.8099999999999999,0.022,-0.19,-0.19,2.6,8.0,32.5,24.1,3.4,24.1,29.9,5.4,40.7,36.0,11.8,0.6,5.1,1.4,1.4,16.9,1.3049789243854888
74,Matej Kovar,cz CZE,GK,Leverkusen,de Bundesliga,24-283,2000,3.0,1.0,90.0,3.0,1.0,1.0,3.6666666666666665,2.6666666666666665,72.7,0.6666666666666666,0.0,0.3333333333333333,0.6666666666666666,66.7,0.0,0.0,0.0,0.0,0.0,1.0,0.0,0.0,0.0,0.0,1.0,0.09000000000000001,0.0,-0.01,2.6666666666666665,7.666666666666667,34.8,26.333333333333332,2.3333333333333335,26.6,31.6,1.6666666666666667,40.0,39.0,9.0,0.6666666666666666,7.4,2.0,2.0,19.8,1.3927098596476681
75,Nediljko Labrovic,hr CRO,GK,Augsburg,de Bundesliga,25-137,1999,15.0,1.0,90.0,15.0,2.1333333333333333,2.13,4.933333333333334,2.8,60.8,0.26666666666666666,0.26666666666666666,0.4666666666666667,0.13333333333333333,13.3,0.2,0.2,0.0,0.0,0.0,2.1333333333333333,0.2,0.06666666666666667,0.13333333333333333,0.0,1.7266666666666666,0.021333333333333333,-0.4066666666666666,-0.4,5.533333333333333,14.666666666666666,37.7,26.466666666666665,4.8,38.8,35.2,7.0,62.9,47.4,14.466666666666667,0.8,5.5,1.2,1.2,13.3,0.6950210756145111
76,Alban Lafont,fr FRA,GK,Nantes,fr Ligue 1,26-032,1999,12.0,1.0,90.0,12.0,1.5833333333333333,1.58,4.083333333333333,2.6666666666666665,67.3,0.16666666666666666,0.3333333333333333,0.5,0.16666666666666666,16.7,0.25,0.25,0.0,0.0,0.0,1.5833333333333333,0.25,0.0,0.16666666666666666,0.16666666666666666,1.4000000000000001,0.024999999999999998,-0.016666666666666666,-0.02,3.3333333333333335,11.916666666666666,28.0,25.75,4.666666666666667,34.0,34.9,4.75,66.7,51.1,16.666666666666668,1.3333333333333333,8.0,0.5,0.5,10.6,0.5739996744954367
77,Gautier Larsonneur,fr FRA,GK,Saint-Etienne,fr Ligue 1,28-001,1997,23.0,1.0,90.0,23.0,2.3043478260869565,2.3,6.304347826086956,4.0,71.7,0.21739130434782608,0.17391304347826086,0.6086956521739131,0.13043478260869565,13.0,0.5652173913043478,0.5217391304347826,0.043478260869565216,0.0,7.7,2.3043478260869565,0.5217391304347826,0.0,0.17391304347826086,0.043478260869565216,2.182608695652174,0.012173913043478262,-0.0782608695652174,-0.08,4.0,15.043478260869565,26.6,30.130434782608695,4.391304347826087,38.7,34.8,5.826086956521739,58.2,42.7,15.565217391304348,0.7391304347826086,4.7,0.8260869565217391,0.83,13.0,0.7550813375962908
78,Nicola Leali,it ITA,GK,Genoa,it Serie A,32-007,1993,19.0,1.0,90.0,19.0,1.0,1.0,4.052631578947368,3.1052631578947367,77.9,0.3157894736842105,0.3684210526315789,0.3157894736842105,0.42105263157894735,42.1,0.15789473684210525,0.10526315789473684,0.05263157894736842,0.0,33.3,1.0,0.10526315789473684,0.0,0.15789473684210525,0.10526315789473684,1.2421052631578948,0.015263157894736841,0.34736842105263155,0.35,5.368421052631579,12.736842105263158,42.1,25.210526315789473,3.789473684210526,36.3,32.9,6.947368421052632,51.5,42.1,14.473684210526315,0.7894736842105263,5.5,0.3157894736842105,0.32,8.6,0.7317288179783987
79,Benjamin Lecomte,fr FRA,GK,Montpellier,fr Ligue 1,33-304,1991,20.0,1.0,90.0,20.0,2.3,2.3,5.75,3.55,63.5,0.15,0.15,0.7,0.0,0.0,0.2,0.2,0.0,0.0,0.0,2.3,0.2,0.0,0.05,0.1,2.04,0.0165,-0.16,-0.16,6.7,17.15,39.1,29.5,3.6,43.6,36.5,7.0,61.4,44.4,14.15,0.7,4.9,0.85,0.85,14.1,0.7882526631364789
80,Bernd Leno,de GER,GK,Fulham,eng Premier League,32-357,1992,26.0,1.0,90.0,26.0,1.3461538461538463,1.35,3.9615384615384617,2.6923076923076925,67.0,0.38461538461538464,0.34615384615384615,0.2692307692307692,0.15384615384615385,15.4,0.038461538461538464,0.038461538461538464,0.0,0.0,0.0,1.3461538461538463,0.038461538461538464,0.0,0.15384615384615385,0.07692307692307693,1.1846153846153846,0.011153846153846153,-0.08461538461538462,-0.09,3.1538461538461537,9.346153846153847,33.7,33.15384615384615,3.8846153846153846,21.6,28.6,4.153846153846154,52.8,43.4,12.73076923076923,0.6923076923076923,5.4,0.9230769230769231,0.92,13.2,1.158648504297499
81,Donovan Leon,gf GUF,GK,Auxerre,fr Ligue 1,32-113,1992,21.0,1.0,90.0,21.0,1.619047619047619,1.62,5.142857142857143,3.619047619047619,72.2,0.3333333333333333,0.2857142857142857,0.38095238095238093,0.23809523809523808,23.8,0.19047619047619047,0.19047619047619047,0.0,0.0,0.0,1.619047619047619,0.19047619047619047,0.0,0.23809523809523808,0.09523809523809523,1.619047619047619,0.013809523809523808,0.09523809523809523,0.09,6.714285714285714,20.80952380952381,32.3,28.38095238095238,5.142857142857143,56.0,43.1,6.0476190476190474,81.1,58.6,16.80952380952381,1.0,5.9,1.8095238095238095,1.81,15.8,0.6030695679949225
82,Anthony Lopes,pt POR,GK,Nantes,fr Ligue 1,34-146,1990,8.0,1.0,90.0,8.0,2.0,2.0,4.75,2.875,63.2,0.25,0.5,0.25,0.0,0.0,0.25,0.25,0.0,0.0,0.0,2.0,0.25,0.0,0.125,0.125,1.7375,0.04125,-0.1375,-0.14,6.25,17.375,36.0,24.375,2.375,49.7,39.4,6.125,85.7,51.8,19.75,0.75,3.8,0.375,0.38,10.3,0.5739996744954367
83,Pau Lopez,es ESP,GK,Girona,es La Liga,30-073,1994,1.0,0.0,90.0,0.5,4.0,4.0,6.0,2.0,33.3,0.0,0.0,0.0,0.0,0.0,0.0,0.0,0.0,0.0,0.0,4.0,0.0,0.0,0.0,0.0,2.6,0.88,-1.4,-1.33,8.0,18.0,44.4,34.0,4.0,35.3,35.8,14.0,42.9,38.7,34.0,6.0,17.6,2.0,2.0,9.8,1.345214034135521
84,Joe Lumley,eng ENG,GK,Southampton,eng Premier League,30-009,1995,3.0,1.0,90.0,3.0,2.3333333333333335,2.33,6.666666666666667,4.333333333333333,65.0,0.0,0.3333333333333333,0.6666666666666666,0.0,0.0,0.0,0.0,0.0,0.0,0.0,2.3333333333333335,0.0,0.0,0.3333333333333333,0.0,2.566666666666667,0.13,0.2333333333333333,0.22,5.0,16.666666666666668,30.0,45.0,4.666666666666667,34.1,30.0,5.0,26.7,24.0,18.666666666666668,0.6666666666666666,3.6,2.3333333333333335,2.33,18.0,1.0649086127746374
85,Andriy Lunin,ua UKR,GK,Real Madrid,es La Liga,26-013,1999,3.0,1.0,90.0,3.0,1.3333333333333333,1.33,2.6666666666666665,1.3333333333333333,50.0,0.6666666666666666,0.0,0.3333333333333333,0.6666666666666666,66.7,0.0,0.0,0.0,0.0,0.0,1.3333333333333333,0.0,0.0,0.0,0.0,0.9333333333333332,0.11666666666666665,-0.39999999999999997,-0.41,3.3333333333333335,8.666666666666666,38.5,29.0,4.0,24.1,28.6,6.333333333333333,26.3,33.3,10.0,0.3333333333333333,3.3,1.6666666666666667,1.67,12.9,1.5153592780074097
86,Mike Maignan,fr FRA,GK,Milan,it Serie A,29-236,1995,25.0,1.0,90.0,25.0,1.04,1.04,3.4,2.4,69.4,0.44,0.32,0.24,0.4,40.0,0.04,0.0,0.04,0.0,100.0,1.04,0.0,0.0,0.08,0.08,0.84,0.0096,-0.12,-0.12,3.04,7.92,38.4,34.88,4.28,17.1,27.2,5.08,38.6,40.0,12.32,0.76,6.2,1.92,1.92,18.6,1.2496129489368586
87,Radoslaw Majecki,pl POL,GK,Monaco,fr Ligue 1,25-100,1999,13.0,1.0,90.0,13.0,1.6153846153846154,1.62,4.384615384615385,2.769230769230769,66.7,0.46153846153846156,0.07692307692307693,0.46153846153846156,0.15384615384615385,15.4,0.15384615384615385,0.15384615384615385,0.0,0.0,0.0,1.6153846153846154,0.15384615384615385,0.07692307692307693,0.07692307692307693,0.0,1.4923076923076921,0.025384615384615387,-0.12307692307692308,-0.12,1.8461538461538463,7.384615384615385,25.0,21.76923076923077,5.076923076923077,25.1,30.1,5.923076923076923,32.5,33.9,9.615384615384615,0.8461538461538461,8.8,1.1538461538461537,1.15,14.0,1.3049789243854888
88,Giorgi Mamardashvili,ge GEO,GK,Valencia,es La Liga,24-148,2000,21.0,1.0,90.0,21.0,1.6666666666666667,1.67,3.857142857142857,2.238095238095238,59.3,0.23809523809523808,0.2857142857142857,0.47619047619047616,0.23809523809523808,23.8,0.14285714285714285,0.09523809523809523,0.047619047619047616,0.0,33.3,1.6666666666666667,0.09523809523809523,0.0,0.09523809523809523,0.09523809523809523,1.4047619047619047,0.015714285714285715,-0.16666666666666666,-0.17,4.333333333333333,13.380952380952381,32.4,24.38095238095238,3.3333333333333335,38.3,36.2,6.380952380952381,63.4,48.4,11.80952380952381,0.42857142857142855,3.6,1.4285714285714286,1.43,16.8,0.8462294777359073
89,Steve Mandanda,fr FRA,GK,Rennes,fr Ligue 1,39-333,1985,17.0,1.0303030303030303,90.0,16.5,1.393939393939394,1.39,3.090909090909091,1.7575757575757576,58.8,0.36363636363636365,0.12121212121212122,0.5454545454545454,0.36363636363636365,35.3,0.18181818181818182,0.12121212121212122,0.06060606060606061,0.0,33.3,1.393939393939394,0.12121212121212122,0.0,0.12121212121212122,0.12121212121212122,1.0303030303030303,0.017575757575757574,-0.24242424242424243,-0.24,3.696969696969697,10.909090909090908,33.9,25.757575757575758,4.0,33.6,32.8,4.424242424242424,50.7,41.6,10.606060606060606,0.42424242424242425,4.0,1.2727272727272727,1.27,15.7,1.0299910032388202
90,Christos Mandas,gr GRE,GK,Lazio,it Serie A,23-160,2001,1.0,1.0,90.0,1.0,0.0,0.0,2.0,2.0,100.0,0.0,1.0,0.0,1.0,100.0,0.0,0.0,0.0,0.0,0.0,0.0,0.0,0.0,0.0,0.0,0.8,0.39,0.8,0.77,8.0,17.0,47.1,37.0,2.0,35.1,35.2,7.0,57.1,39.4,14.0,1.0,7.1,4.0,4.0,17.3,1.2682711820216015
91,Emiliano Martinez,ar ARG,GK,Aston Villa,eng Premier League,32-175,1992,27.0,1.0188679245283019,90.0,26.5,1.509433962264151,1.51,4.0754716981132075,2.5283018867924527,63.9,0.41509433962264153,0.33962264150943394,0.2641509433962264,0.11320754716981132,11.1,0.07547169811320754,0.03773584905660377,0.03773584905660377,0.0,50.0,1.509433962264151,0.03773584905660377,0.03773584905660377,0.03773584905660377,0.0,1.418867924528302,0.012830188679245284,-0.09056603773584905,-0.09,4.30188679245283,10.30188679245283,41.8,32.679245283018865,3.547169811320755,24.1,29.4,4.7924528301886795,50.4,41.3,13.547169811320755,1.509433962264151,11.1,1.0566037735849056,1.06,14.5,1.0649086127746374
92,Josep Martinez,es ESP,GK,Inter,it Serie A,26-273,1998,1.0,1.0,90.0,1.0,0.0,0.0,2.0,2.0,100.0,1.0,0.0,0.0,1.0,100.0,0.0,0.0,0.0,0.0,0.0,0.0,0.0,0.0,0.0,0.0,1.1,0.53,1.1,1.06,6.0,12.0,50.0,48.0,3.0,20.8,27.3,6.0,33.3,26.3,20.0,1.0,5.0,1.0,1.0,23.5,1.4660402984777152
93,Alex McCarthy,eng ENG,GK,Southampton,eng Premier League,35-083,1989,5.0,1.0,90.0,5.0,2.6,2.6,7.4,4.8,70.3,0.0,0.0,1.0,0.0,0.0,0.4,0.4,0.0,0.0,0.0,2.6,0.4,0.0,0.2,0.0,2.52,0.057999999999999996,-0.08,-0.07,4.8,10.4,46.2,26.4,5.8,33.3,29.5,4.6,34.8,30.7,14.8,1.6,10.8,0.0,0.0,6.5,1.0649086127746374
94,Alex Meret,it ITA,GK,Napoli,it Serie A,27-339,1997,23.0,1.0267857142857144,89.95535714285715,22.4,0.8928571428571429,0.89,2.9017857142857144,2.0089285714285716,70.8,0.625,0.22321428571428573,0.17857142857142858,0.4017857142857143,39.1,0.13392857142857142,0.044642857142857144,0.044642857142857144,0.044642857142857144,50.0,0.8928571428571429,0.044642857142857144,0.0,0.0,0.044642857142857144,0.8883928571428571,0.012500000000000002,0.04017857142857143,0.04,2.5,6.026785714285714,41.5,28.169642857142858,3.5267857142857144,16.0,27.5,5.491071428571429,27.6,32.4,11.428571428571429,0.7589285714285715,6.6,1.1607142857142858,1.16,15.8,1.1635187536836722
95,Alexander Meyer,de GER,GK,Dortmund,de Bundesliga,33-317,1991,2.0,1.0,90.0,2.0,2.0,2.0,5.5,3.5,63.6,0.5,0.0,0.5,0.0,0.0,0.0,0.0,0.0,0.0,0.0,2.0,0.0,0.0,0.0,0.0,2.0,0.18,0.0,0.0,4.0,16.5,24.2,38.0,1.5,35.5,34.8,3.5,85.7,63.6,12.0,0.5,4.2,1.0,1.0,14.8,1.4853810906053715
96,Vanja Milinkovic-Savic,rs SRB,GK,Torino,it Serie A,28-004,1997,25.0,1.0,90.0,25.0,1.16,1.16,4.96,3.72,77.4,0.28,0.4,0.32,0.28,28.0,0.2,0.04,0.16,0.0,80.0,1.16,0.04,0.04,0.24,0.08,1.36,0.01,0.28,0.28,5.92,19.56,30.3,37.32,4.88,39.9,37.3,7.52,62.2,52.7,16.64,0.96,5.8,1.28,1.28,13.5,0.8658141900690911
97,Lorenzo Montipo,it ITA,GK,Hellas Verona,it Serie A,29-004,1996,25.0,1.0,90.0,25.0,2.12,2.12,4.88,2.8,57.4,0.32,0.08,0.6,0.2,20.0,0.08,0.04,0.0,0.04,0.0,2.12,0.04,0.0,0.24,0.04,1.54,0.0128,-0.54,-0.54,5.48,19.4,28.2,21.2,2.72,56.8,42.3,8.2,89.8,58.9,15.04,0.88,5.9,0.56,0.56,10.8,0.48097816610177774
98,Florian Muller,de GER,GK,Freiburg,de Bundesliga,27-103,1997,3.0,1.0,90.0,3.0,2.3333333333333335,2.33,4.0,1.6666666666666667,58.3,0.3333333333333333,0.0,0.6666666666666666,0.0,0.0,0.6666666666666666,0.6666666666666666,0.0,0.0,0.0,2.3333333333333335,0.6666666666666666,0.0,1.0,0.0,1.9666666666666668,0.13,-0.3666666666666667,-0.35,5.666666666666667,20.666666666666668,27.4,35.333333333333336,3.0,46.2,37.2,5.666666666666667,76.5,56.6,12.666666666666666,0.0,0.0,0.3333333333333333,0.33,12.5,0.8658141900690911
99,Kevin Muller,de GER,GK,Heidenheim,de Bundesliga,33-346,1991,23.0,1.0,90.0,23.0,2.0434782608695654,2.04,5.3478260869565215,3.3043478260869565,65.9,0.17391304347826086,0.13043478260869565,0.6956521739130435,0.21739130434782608,21.7,0.21739130434782608,0.21739130434782608,0.0,0.0,0.0,2.0434782608695654,0.21739130434782608,0.0,0.2608695652173913,0.0,1.934782608695652,0.014347826086956523,-0.10869565217391304,-0.11,4.391304347826087,12.565217391304348,34.9,30.956521739130434,5.043478260869565,32.2,33.9,6.956521739130435,37.5,37.9,13.956521739130435,0.6521739130434783,4.7,0.6086956521739131,0.61,12.2,0.6725226051912948
100,Marius Muller,de GER,GK,Wolfsburg,de Bundesliga,31-227,1993,4.0,0.9090909090909092,89.3939393939394,3.3,0.9090909090909092,0.92,3.6363636363636367,2.7272727272727275,75.0,0.30303030303030304,0.6060606060606061,0.0,0.30303030303030304,33.3,0.0,0.0,0.0,0.0,0.0,0.9090909090909092,0.0,0.0,0.30303030303030304,0.0,1.1515151515151516,0.09696969696969698,0.24242424242424246,0.26,6.96969696969697,17.575757575757578,39.7,34.24242424242424,5.151515151515151,34.5,36.1,6.96969696969697,82.6,53.6,19.6969696969697,1.5151515151515151,7.7,0.30303030303030304,0.31,10.2,0.7086873875484091
101,Arijanet Muric,xk KVX,GK,Ipswich Town,eng Premier League,26-109,1998,18.0,1.0,90.0,18.0,1.8333333333333333,1.83,5.555555555555555,3.7222222222222223,70.0,0.1111111111111111,0.3333333333333333,0.5555555555555556,0.05555555555555555,5.6,0.16666666666666666,0.16666666666666666,0.0,0.0,0.0,1.8333333333333333,0.16666666666666666,0.0,0.1111111111111111,0.0,1.7444444444444445,0.01611111111111111,-0.08888888888888889,-0.09,4.222222222222222,12.722222222222221,33.2,29.666666666666668,5.222222222222222,29.6,30.3,5.222222222222222,75.5,54.6,13.833333333333334,2.1666666666666665,15.7,1.1111111111111112,1.11,12.2,0.5497610044203537
102,Juan Musso,ar ARG,GK,Atalanta,it Serie A,30-294,1994,1.0,1.0,90.0,1.0,0.0,0.0,4.0,4.0,100.0,1.0,0.0,0.0,1.0,100.0,0.0,0.0,0.0,0.0,0.0,0.0,0.0,0.0,0.0,0.0,0.7,0.19,0.7,0.74,4.0,20.0,20.0,19.0,4.0,36.8,33.1,14.0,92.9,56.9,15.0,0.0,0.0,1.0,1.0,17.5,1.318520776902771
103,Juan Musso,ar ARG,GK,Atletico Madrid,es La Liga,30-294,1994,1.0,1.0,90.0,1.0,0.0,0.0,1.0,1.0,100.0,1.0,0.0,0.0,1.0,100.0,0.0,0.0,0.0,0.0,0.0,0.0,0.0,0.0,0.0,0.0,0.1,0.08,0.1,0.08,0.0,5.0,0.0,17.0,5.0,17.6,26.6,11.0,18.2,24.6,10.0,1.0,10.0,0.0,0.0,13.5,1.0798297691111314
104,Neto,br BRA,GK,Bournemouth,eng Premier League,35-220,1989,2.0,1.0,90.0,2.0,1.0,1.0,6.5,5.5,84.6,0.0,1.0,0.0,0.0,0.0,0.0,0.0,0.0,0.0,0.0,1.0,0.0,0.0,0.0,0.0,2.15,0.175,1.15,1.17,4.5,13.5,33.3,23.0,3.5,43.5,36.8,7.5,46.7,38.9,15.0,1.0,6.7,1.5,1.5,12.6,0.8316189541291854
105,Manuel Neuer,de GER,GK,Bayern Munich,de Bundesliga,38-334,1986,19.0,1.0,90.0,19.0,0.7368421052631579,0.74,1.7894736842105263,1.0526315789473684,61.8,0.7894736842105263,0.21052631578947367,0.0,0.5789473684210527,57.9,0.10526315789473684,0.05263157894736842,0.0,0.05263157894736842,0.0,0.7368421052631579,0.05263157894736842,0.0,0.10526315789473684,0.0,0.631578947368421,0.018421052631578946,-0.10526315789473684,-0.1,4.157894736842105,8.368421052631579,49.7,40.63157894736842,3.6842105263157894,18.4,27.2,2.4210526315789473,37.0,36.7,6.842105263157895,0.2631578947368421,3.8,2.0526315789473686,2.05,20.4,1.7464988397557184
106,Moritz Nicolas,de GER,GK,Gladbach,de Bundesliga,27-126,1997,19.0,1.043956043956044,90.05494505494507,18.2,1.3736263736263736,1.37,5.054945054945055,3.7912087912087915,78.3,0.4945054945054945,0.21978021978021978,0.32967032967032966,0.21978021978021978,21.1,0.27472527472527475,0.27472527472527475,0.0,0.0,0.0,1.3736263736263736,0.27472527472527475,0.0,0.054945054945054944,0.10989010989010989,1.6428571428571428,0.015934065934065933,0.37912087912087916,0.38,5.21978021978022,10.934065934065934,47.7,40.32967032967033,4.835164835164836,23.3,28.2,3.296703296703297,46.7,39.8,17.52747252747253,0.989010989010989,5.6,0.7692307692307693,0.77,12.0,1.0349857153327797
107,Alexander Nubel,de GER,GK,Stuttgart,de Bundesliga,28-147,1996,23.0,1.0,90.0,23.0,1.4782608695652173,1.48,4.086956521739131,2.5652173913043477,66.0,0.43478260869565216,0.2608695652173913,0.30434782608695654,0.17391304347826086,17.4,0.13043478260869565,0.08695652173913043,0.043478260869565216,0.0,33.3,1.4782608695652173,0.08695652173913043,0.043478260869565216,0.21739130434782608,0.0,1.317391304347826,0.013478260869565217,-0.16086956521739132,-0.16,4.391304347826087,11.521739130434783,38.1,35.56521739130435,4.304347826086956,29.1,30.5,3.260869565217391,36.0,35.3,12.0,0.4782608695652174,4.0,1.4782608695652173,1.48,16.7,1.345214034135521
108,Orjan Nyland,no NOR,GK,Sevilla,es La Liga,34-167,1990,17.0,1.0179640718562875,90.0,16.7,1.3173652694610778,1.32,3.6526946107784433,2.3952095808383236,67.2,0.3592814371257485,0.3592814371257485,0.29940119760479045,0.29940119760479045,29.4,0.11976047904191617,0.11976047904191617,0.0,0.0,0.0,1.3173652694610778,0.11976047904191617,0.059880239520958084,0.17964071856287425,0.059880239520958084,1.1497005988023952,0.017365269461077845,-0.10778443113772455,-0.11,3.9520958083832336,14.790419161676647,26.7,29.281437125748504,3.5928143712574854,40.9,36.1,5.209580838323354,54.0,43.7,13.532934131736528,0.8383233532934132,6.2,1.1976047904191618,1.2,13.6,1.1390924478784579
109,Jan Oblak,si SVN,GK,Atletico Madrid,es La Liga,32-048,1993,24.0,1.0,90.0,24.0,0.6666666666666666,0.67,3.0416666666666665,2.4583333333333335,82.2,0.5833333333333334,0.3333333333333333,0.08333333333333333,0.4583333333333333,45.8,0.125,0.125,0.0,0.0,0.0,0.6666666666666666,0.125,0.0,0.08333333333333333,0.08333333333333333,0.5875,0.007083333333333334,0.004166666666666667,0.0,3.125,8.375,37.3,18.333333333333332,4.625,27.5,31.7,7.833333333333333,42.6,37.6,13.625,0.5416666666666666,4.0,0.8333333333333334,0.83,14.0,1.0798297691111314
110,Maduka Okoye,ng NGA,GK,Udinese,it Serie A,25-180,1999,14.0,1.0,90.0,14.0,1.5,1.5,4.285714285714286,3.0,71.7,0.35714285714285715,0.14285714285714285,0.5,0.21428571428571427,21.4,0.35714285714285715,0.2857142857142857,0.0,0.07142857142857142,0.0,1.5,0.2857142857142857,0.07142857142857142,0.07142857142857142,0.21428571428571427,1.4428571428571428,0.020714285714285713,0.15714285714285717,0.16,5.285714285714286,12.285714285714286,43.0,31.928571428571427,2.857142857142857,30.9,30.6,3.9285714285714284,61.8,48.1,13.285714285714286,0.7857142857142857,5.9,0.7142857142857143,0.71,12.9,0.841351495702501
111,Robin Olsen,se SWE,GK,Aston Villa,eng Premier League,35-047,1990,1.0,0.0,90.0,0.5,2.0,2.0,6.0,4.0,66.7,0.0,0.0,0.0,0.0,0.0,0.0,0.0,0.0,0.0,0.0,2.0,0.0,0.0,0.0,0.0,2.2,0.74,0.2,0.13,2.0,12.0,16.7,38.0,0.0,21.1,26.5,4.0,100.0,70.0,4.0,0.0,0.0,0.0,0.0,8.3,1.0649086127746374
112,Jonas Omlin,ch SUI,GK,Gladbach,de Bundesliga,31-045,1994,5.0,0.9756097560975611,89.75609756097562,4.1,1.707317073170732,1.71,5.609756097560976,3.658536585365854,73.9,0.24390243902439027,0.0,0.7317073170731708,0.24390243902439027,25.0,0.48780487804878053,0.24390243902439027,0.24390243902439027,0.0,50.0,1.707317073170732,0.24390243902439027,0.0,0.24390243902439027,0.0,1.853658536585366,0.06341463414634146,0.14634146341463417,0.14,7.073170731707318,16.34146341463415,43.3,43.65853658536586,2.9268292682926833,28.5,30.6,5.121951219512195,76.2,51.9,14.390243902439027,0.0,0.0,1.2195121951219514,1.22,18.7,1.0349857153327797
113,Andre Onana,cm CMR,GK,Manchester Utd,eng Premier League,28-328,1996,26.0,1.0,90.0,26.0,1.4230769230769231,1.42,4.115384615384615,2.6923076923076925,68.2,0.3076923076923077,0.23076923076923078,0.46153846153846156,0.2692307692307692,26.9,0.15384615384615385,0.11538461538461539,0.038461538461538464,0.0,25.0,1.4230769230769231,0.11538461538461539,0.0,0.38461538461538464,0.038461538461538464,1.4230769230769231,0.012307692307692308,0.038461538461538464,0.04,3.230769230769231,12.0,26.9,35.19230769230769,4.230769230769231,27.3,29.3,3.769230769230769,63.3,45.4,11.346153846153847,0.6538461538461539,5.8,0.6923076923076923,0.69,11.9,1.197375320224904
114,Stefan Ortega,de GER,GK,Manchester City,eng Premier League,32-110,1992,9.0,1.0,90.0,9.0,1.6666666666666667,1.67,4.555555555555555,2.888888888888889,65.9,0.3333333333333333,0.3333333333333333,0.3333333333333333,0.2222222222222222,22.2,0.1111111111111111,0.1111111111111111,0.0,0.0,0.0,1.6666666666666667,0.1111111111111111,0.0,0.1111111111111111,0.0,1.488888888888889,0.03666666666666667,-0.17777777777777778,-0.18,3.4444444444444446,7.666666666666667,44.9,31.88888888888889,4.0,18.8,25.2,5.0,33.3,27.5,10.666666666666666,0.2222222222222222,2.1,1.0,1.0,15.3,1.5005202111902354
115,Jesus Owono,gq EQG,GK,Alaves,es La Liga,23-360,2001,5.0,0.9090909090909091,90.22727272727272,4.4,1.3636363636363635,1.36,2.5,1.1363636363636362,54.5,0.22727272727272727,0.22727272727272727,0.45454545454545453,0.0,0.0,0.22727272727272727,0.22727272727272727,0.0,0.0,0.0,1.3636363636363635,0.22727272727272727,0.0,0.45454545454545453,0.0,1.0227272727272727,0.08863636363636364,-0.3409090909090909,-0.34,9.545454545454545,21.59090909090909,44.2,24.09090909090909,2.5,58.5,44.2,7.727272727272727,97.1,67.7,13.863636363636363,1.3636363636363635,9.8,0.22727272727272727,0.23,8.1,0.7834819385069712
116,Alex Padilla,es ESP,GK,Athletic Club,es La Liga,21-176,2003,5.0,0.8333333333333333,89.16666666666667,3.6,1.6666666666666665,1.68,4.722222222222222,3.333333333333333,70.6,0.0,0.2777777777777778,0.5555555555555556,0.0,0.0,0.2777777777777778,0.2777777777777778,0.0,0.0,0.0,1.6666666666666665,0.2777777777777778,0.0,0.2777777777777778,0.2777777777777778,1.3333333333333333,0.07222222222222223,-0.05555555555555556,-0.06,7.5,21.666666666666668,34.6,27.22222222222222,4.166666666666667,58.2,41.5,6.111111111111111,95.5,64.5,15.833333333333332,0.5555555555555556,3.5,0.8333333333333333,0.84,13.4,0.95004162504212
117,Alberto Paleari,it ITA,GK,Torino,it Serie A,32-179,1992,1.0,1.0,90.0,1.0,3.0,3.0,7.0,4.0,57.1,0.0,0.0,1.0,0.0,0.0,0.0,0.0,0.0,0.0,0.0,3.0,0.0,0.0,0.0,0.0,2.2,0.32,-0.8,-0.77,8.0,12.0,66.7,26.0,5.0,34.6,31.0,6.0,50.0,42.0,12.0,0.0,0.0,5.0,5.0,27.3,0.8658141900690911
118,Alex Palmer,eng ENG,GK,Ipswich Town,eng Premier League,28-198,1996,2.0,1.0,90.0,2.0,2.5,2.5,6.0,3.5,58.3,0.0,0.5,0.5,0.0,0.0,0.0,0.0,0.0,0.0,0.0,2.5,0.0,0.0,0.0,0.0,2.75,0.225,0.25,0.23,6.5,16.0,40.6,23.5,2.0,40.4,36.3,8.0,81.3,58.4,16.0,0.0,0.0,0.5,0.5,8.6,0.5497610044203537
119,Rui Patricio,pt POR,GK,Atalanta,it Serie A,37-009,1988,2.0,1.0,90.0,2.0,0.5,0.5,4.5,4.0,88.9,0.5,0.5,0.0,0.5,50.0,0.0,0.0,0.0,0.0,0.0,0.5,0.0,0.0,0.0,0.0,1.4,0.19,0.9,0.92,2.0,3.5,57.1,25.5,4.5,9.8,24.3,5.5,18.2,32.3,6.0,0.0,0.0,4.5,4.5,24.5,1.318520776902771
120,Inaki Pena,es ESP,GK,Barcelona,es La Liga,25-359,1999,15.0,0.9655172413793104,90.06896551724138,14.5,1.2413793103448276,1.24,3.586206896551724,2.3448275862068964,69.2,0.41379310344827586,0.20689655172413793,0.3448275862068966,0.20689655172413793,21.4,0.13793103448275862,0.13793103448275862,0.0,0.0,0.0,1.2413793103448276,0.13793103448275862,0.0,0.06896551724137931,0.0,1.1448275862068966,0.019999999999999997,-0.09655172413793103,-0.1,1.4482758620689655,5.172413793103448,28.0,35.241379310344826,5.103448275862069,11.0,25.0,5.310344827586207,24.7,31.1,9.310344827586206,0.20689655172413793,2.2,6.137931034482759,6.13,23.8,1.6777821008468294
121,Daniel Peretz,il ISR,GK,Bayern Munich,de Bundesliga,24-229,2000,3.0,1.0,90.0,3.0,1.6666666666666667,1.67,2.3333333333333335,0.6666666666666666,28.6,0.6666666666666666,0.0,0.3333333333333333,0.0,0.0,0.0,0.0,0.0,0.0,0.0,1.6666666666666667,0.0,0.0,0.0,0.0,1.3333333333333333,0.19333333333333333,-0.3333333333333333,-0.32,1.6666666666666667,8.333333333333334,20.0,32.0,1.6666666666666667,25.0,29.5,2.3333333333333335,14.3,29.6,5.666666666666667,0.0,0.0,2.6666666666666665,2.67,21.2,1.7464988397557184
122,Simone Perilli,it ITA,GK,Hellas Verona,it Serie A,30-048,1995,1.0,1.0,90.0,1.0,1.0,1.0,6.0,5.0,83.3,0.0,0.0,1.0,0.0,0.0,0.0,0.0,0.0,0.0,0.0,1.0,0.0,0.0,0.0,0.0,2.0,0.34,1.0,1.04,3.0,16.0,18.8,17.0,2.0,64.7,48.8,6.0,83.3,62.2,18.0,1.0,5.6,3.0,3.0,22.3,0.48097816610177774
123,Mattia Perin,it ITA,GK,Juventus,it Serie A,32-106,1992,5.0,1.0,90.0,5.0,0.6,0.6,3.2,2.6,81.3,0.4,0.6,0.0,0.6,60.0,0.0,0.0,0.0,0.0,0.0,0.6,0.0,0.0,0.0,0.0,0.74,0.046,0.13999999999999999,0.14,2.2,8.8,25.0,34.0,6.0,22.4,29.4,2.4,50.0,40.8,10.0,0.6,6.0,0.6,0.6,14.0,1.3713602278765078
124,Lucas Perri,br BRA,GK,Lyon,fr Ligue 1,27-076,1997,23.0,1.0,90.0,23.0,1.3043478260869565,1.3,5.173913043478261,3.869565217391304,75.6,0.43478260869565216,0.2608695652173913,0.30434782608695654,0.34782608695652173,34.8,0.043478260869565216,0.043478260869565216,0.0,0.0,0.0,1.3043478260869565,0.043478260869565216,0.043478260869565216,0.13043478260869565,0.0,1.547826086956522,0.013043478260869565,0.2434782608695652,0.25,3.4347826086956523,10.782608695652174,31.9,26.52173913043478,5.695652173913044,33.1,32.3,5.086956521739131,39.3,37.6,13.826086956521738,1.0,7.2,1.0434782608695652,1.04,14.0,1.2307675127823645
125,Dorde Petrovic,rs SRB,GK,Strasbourg,fr Ligue 1,25-139,1999,20.0,1.0,90.0,20.0,1.3,1.3,4.45,3.2,75.3,0.4,0.3,0.3,0.3,30.0,0.25,0.2,0.05,0.0,20.0,1.3,0.2,0.0,0.1,0.1,1.4449999999999998,0.014000000000000002,0.24500000000000002,0.25,4.4,12.25,35.9,46.75,3.65,22.6,28.2,3.55,47.9,41.0,16.4,1.05,6.4,1.45,1.45,15.8,0.9600213196888365
126,Luca Philipp,de GER,GK,Hoffenheim,de Bundesliga,24-088,2000,5.0,1.0,90.0,5.0,2.2,2.2,5.6,3.6,64.3,0.2,0.4,0.4,0.0,0.0,0.2,0.2,0.0,0.0,0.0,2.2,0.2,0.0,0.2,0.2,2.1,0.072,0.1,0.11,5.6,16.6,33.7,27.4,4.2,51.1,38.7,6.2,41.9,39.4,13.2,0.6,4.5,0.4,0.4,11.8,0.9850011248987592
127,Jordan Pickford,eng ENG,GK,Everton,eng Premier League,30-354,1994,26.0,1.0,90.0,26.0,1.2692307692307692,1.27,4.153846153846154,2.8076923076923075,69.4,0.2692307692307692,0.38461538461538464,0.34615384615384615,0.34615384615384615,34.6,0.07692307692307693,0.0,0.07692307692307693,0.0,100.0,1.2692307692307692,0.0,0.038461538461538464,0.23076923076923078,0.0,1.2923076923076924,0.011538461538461537,0.023076923076923075,0.02,8.653846153846153,22.346153846153847,38.7,34.88461538461539,4.346153846153846,52.6,41.0,6.6923076923076925,59.8,47.6,14.807692307692308,0.8461538461538461,5.7,1.9230769230769231,1.92,16.0,0.545783567317741
128,Semuel Pizzignacco,it ITA,GK,Monza,it Serie A,23-176,2001,5.0,0.9302325581395349,89.30232558139535,4.3,1.627906976744186,1.64,4.186046511627907,2.558139534883721,61.1,0.0,0.46511627906976744,0.46511627906976744,0.23255813953488372,25.0,0.0,0.0,0.0,0.0,0.0,1.627906976744186,0.0,0.0,0.0,0.0,1.4186046511627908,0.07906976744186048,-0.20930232558139536,-0.21,6.046511627906977,12.558139534883722,48.1,26.511627906976745,2.7906976744186047,36.8,32.8,6.511627906976744,42.9,39.8,13.953488372093023,0.0,0.0,0.9302325581395349,0.94,16.0,0.9301141096835712
129,Nick Pope,eng ENG,GK,Newcastle Utd,eng Premier League,32-311,1992,16.0,1.0,90.0,16.0,1.5,1.5,4.875,3.4375,69.2,0.375,0.3125,0.3125,0.1875,18.8,0.0,0.0,0.0,0.0,0.0,1.5,0.0,0.0,0.1875,0.0625,1.475,0.019375,0.0375,0.04,2.625,10.125,25.9,22.0625,6.75,27.8,31.2,7.5625,52.9,43.0,14.5,1.4375,9.9,1.9375,1.94,14.1,1.0399786803111635
130,Ivan Provedel,it ITA,GK,Lazio,it Serie A,30-344,1994,25.0,1.0,90.0,25.0,1.36,1.36,3.0,1.72,60.0,0.56,0.16,0.28,0.2,20.0,0.16,0.16,0.0,0.0,0.0,1.36,0.16,0.0,0.12,0.08,1.0,0.012,-0.28,-0.28,4.76,12.56,37.9,33.92,3.24,30.2,33.1,3.92,59.2,46.1,12.36,1.0,8.1,0.96,0.96,13.9,1.2682711820216015
131,Ionut Radu,ro ROU,GK,Venezia,it Serie A,27-272,1997,3.0,1.0,90.0,3.0,1.0,1.0,4.0,3.0,83.3,0.0,0.3333333333333333,0.6666666666666666,0.3333333333333333,33.3,0.3333333333333333,0.3333333333333333,0.0,0.0,0.0,1.0,0.3333333333333333,0.0,0.0,0.0,1.2,0.07666666666666667,0.19999999999999998,0.19,1.6666666666666667,12.333333333333334,13.5,33.333333333333336,3.0,34.0,34.2,1.6666666666666667,60.0,41.2,11.0,0.3333333333333333,3.0,0.0,0.0,7.5,0.7457044673736087
132,Hakon Rafn Valdimarsson,is ISL,GK,Brentford,eng Premier League,23-134,2001,2.0,0.625,90.625,1.6,1.25,1.24,2.5,1.875,50.0,0.0,0.0,0.625,0.625,100.0,0.0,0.0,0.0,0.0,0.0,1.25,0.0,0.0,0.0,0.625,0.37499999999999994,0.08750000000000001,-0.25,-0.26,9.375,23.75,39.5,33.75,4.375,42.6,34.9,10.0,93.8,59.3,10.0,1.25,12.5,0.0,0.0,4.7,0.8904415297855703
133,Aaron Ramsdale,eng ENG,GK,Southampton,eng Premier League,26-286,1998,18.0,1.0,90.0,18.0,2.2777777777777777,2.28,6.611111111111111,4.333333333333333,67.2,0.1111111111111111,0.1111111111111111,0.7777777777777778,0.1111111111111111,11.1,0.1111111111111111,0.1111111111111111,0.0,0.0,0.0,2.2777777777777777,0.1111111111111111,0.0,0.4444444444444444,0.0,2.1666666666666665,0.018333333333333333,-0.1111111111111111,-0.11,6.777777777777778,20.0,33.9,38.22222222222222,4.666666666666667,42.7,35.3,5.277777777777778,69.5,50.9,13.38888888888889,0.9444444444444444,7.1,0.7777777777777778,0.78,12.4,1.0649086127746374
134,Federico Ravaglia,it ITA,GK,Bologna,it Serie A,25-105,1999,8.0,1.0,90.0,8.0,1.125,1.13,2.125,1.0,52.9,0.5,0.25,0.25,0.375,37.5,0.125,0.125,0.0,0.0,0.0,1.125,0.125,0.0,0.125,0.0,0.875,0.04625,-0.25,-0.25,3.625,10.25,35.4,35.375,4.875,24.7,29.4,3.625,41.4,37.4,8.75,1.375,15.7,0.625,0.63,11.6,1.3713602278765078
135,David Raya,es ESP,GK,Arsenal,eng Premier League,29-162,1995,26.0,1.0,90.0,26.0,0.8846153846153846,0.88,3.269230769230769,2.3846153846153846,75.3,0.5769230769230769,0.3076923076923077,0.11538461538461539,0.34615384615384615,34.6,0.07692307692307693,0.07692307692307693,0.0,0.0,0.0,0.8846153846153846,0.07692307692307693,0.038461538461538464,0.15384615384615385,0.0,0.8807692307692307,0.009615384615384616,-0.0038461538461538464,0.0,4.5,13.26923076923077,33.9,32.80769230769231,4.3076923076923075,31.9,30.5,3.8846153846153846,72.3,50.9,10.615384615384615,1.4230769230769231,13.4,1.6153846153846154,1.62,16.4,1.2682711820216015
136,Pepe Reina,es ESP,GK,Como,it Serie A,42-177,1982,10.0,1.0,90.0,10.0,1.2,1.2,3.5,2.3,68.6,0.2,0.4,0.4,0.2,20.0,0.1,0.1,0.0,0.0,0.0,1.2,0.1,0.0,0.3,0.0,0.97,0.026000000000000002,-0.22999999999999998,-0.23,3.9,10.3,37.9,28.5,3.5,33.7,32.2,2.6,26.9,29.5,13.1,0.2,1.5,0.5,0.5,12.2,1.1635187536836722
137,Alex Remiro,es ESP,GK,Real Sociedad,es La Liga,29-337,1995,25.0,1.0,90.0,25.0,0.92,0.92,3.24,2.28,77.8,0.4,0.16,0.44,0.48,48.0,0.24,0.2,0.04,0.0,16.7,0.92,0.2,0.0,0.08,0.0,0.9,0.0088,-0.02,-0.02,5.36,13.36,40.1,28.28,2.88,32.5,33.1,6.44,64.6,49.7,11.96,0.72,6.0,0.92,0.92,13.5,1.2729050805631328
138,Guillaume Restes,fr FRA,GK,Toulouse,fr Ligue 1,19-350,2005,21.0,1.0344827586206897,89.80295566502463,20.3,1.083743842364532,1.09,3.0049261083743843,1.9704433497536946,65.6,0.3448275862068965,0.24630541871921183,0.44334975369458124,0.3448275862068965,33.3,0.09852216748768472,0.04926108374384236,0.04926108374384236,0.0,50.0,1.083743842364532,0.04926108374384236,0.0,0.09852216748768472,0.09852216748768472,0.9113300492610837,0.013793103448275864,-0.07389162561576354,-0.07,2.610837438423645,9.605911330049262,27.2,24.384236453201968,2.857142857142857,28.7,29.3,4.679802955665025,55.8,42.0,12.364532019704432,0.19704433497536944,1.6,1.1330049261083743,1.14,16.1,0.7692324872176355
139,Leo Roman,es ESP,GK,Mallorca,es La Liga,24-233,2000,5.0,1.0,90.0,5.0,1.4,1.4,5.0,3.6,76.0,0.4,0.2,0.4,0.4,40.0,0.2,0.2,0.0,0.0,0.0,1.4,0.2,0.0,0.0,0.0,1.7,0.062,0.3,0.3,6.6,18.2,36.3,28.0,2.4,52.1,41.4,6.0,60.0,50.9,15.0,0.8,5.3,0.4,0.4,12.0,0.8122537941317146
140,Geronimo Rulli,ar ARG,GK,Marseille,fr Ligue 1,32-280,1992,23.0,1.0,90.0,23.0,1.2608695652173914,1.26,4.173913043478261,2.8260869565217392,71.9,0.6086956521739131,0.17391304347826086,0.21739130434782608,0.17391304347826086,17.4,0.21739130434782608,0.08695652173913043,0.13043478260869565,0.0,60.0,1.2608695652173914,0.08695652173913043,0.043478260869565216,0.13043478260869565,0.043478260869565216,1.3565217391304347,0.013043478260869565,0.1391304347826087,0.14,2.5217391304347827,6.391304347826087,39.5,32.17391304347826,4.130434782608695,15.3,24.4,3.391304347826087,43.6,36.1,9.956521739130435,0.782608695652174,7.9,1.9565217391304348,1.96,18.2,1.5947603071377392
141,Mathew Ryan,au AUS,GK,Lens,fr Ligue 1,32-322,1992,3.0,1.0,90.0,3.0,1.0,1.0,3.3333333333333335,2.3333333333333335,80.0,0.6666666666666666,0.0,0.3333333333333333,0.6666666666666666,66.7,0.3333333333333333,0.3333333333333333,0.0,0.0,0.0,1.0,0.3333333333333333,0.0,0.0,0.0,1.1666666666666667,0.09999999999999999,0.16666666666666666,0.18,2.6666666666666665,9.0,29.6,24.0,5.0,25.0,31.4,5.0,60.0,39.9,12.0,1.6666666666666667,13.9,1.6666666666666667,1.67,14.9,1.221278467898444
142,Frederik Ronnow,dk DEN,GK,Union Berlin,de Bundesliga,32-204,1992,18.0,1.0,90.0,18.0,1.2777777777777777,1.28,3.9444444444444446,2.611111111111111,69.0,0.2777777777777778,0.3333333333333333,0.3888888888888889,0.3333333333333333,33.3,0.16666666666666666,0.05555555555555555,0.1111111111111111,0.0,66.7,1.2777777777777777,0.05555555555555555,0.05555555555555555,0.05555555555555555,0.05555555555555555,1.4833333333333334,0.01888888888888889,0.2611111111111111,0.26,4.5,12.11111111111111,37.2,27.944444444444443,5.388888888888889,32.6,32.8,4.166666666666667,72.0,52.7,15.166666666666666,1.4444444444444444,9.5,0.9444444444444444,0.94,12.4,0.6286397721234924
143,Jose Sa,pt POR,GK,Wolves,eng Premier League,32-038,1993,19.0,1.0,90.0,19.0,1.9473684210526316,1.95,4.473684210526316,2.5789473684210527,61.2,0.3157894736842105,0.15789473684210525,0.5263157894736842,0.2631578947368421,26.3,0.2631578947368421,0.21052631578947367,0.05263157894736842,0.0,20.0,1.9473684210526316,0.21052631578947367,0.05263157894736842,0.2631578947368421,0.10526315789473684,1.5894736842105264,0.016842105263157894,-0.25263157894736843,-0.25,3.210526315789474,14.210526315789474,22.6,27.210526315789473,4.0,40.4,35.9,5.7894736842105265,55.5,42.5,16.526315789473685,1.1578947368421053,7.0,1.6842105263157894,1.68,15.6,0.8462294777359073
144,Matvei Safonov,ru RUS,GK,Paris S-G,fr Ligue 1,25-365,1999,6.0,0.8620689655172414,89.48275862068965,5.8,0.6896551724137931,0.69,2.931034482758621,2.241379310344828,88.2,0.6896551724137931,0.1724137931034483,0.0,0.5172413793103449,60.0,0.3448275862068966,0.3448275862068966,0.0,0.0,0.0,0.6896551724137931,0.3448275862068966,0.0,0.0,0.0,0.7586206896551725,0.027586206896551727,0.06896551724137931,0.06,3.4482758620689657,8.793103448275863,39.2,29.482758620689655,5.172413793103448,25.7,28.9,5.0,24.1,28.7,9.655172413793103,0.5172413793103449,5.4,1.896551724137931,1.91,19.0,1.7282542059818116
145,Brice Samba,fr FRA,GK,Rennes,fr Ligue 1,30-305,1994,6.0,1.0,90.0,6.0,1.5,1.5,5.333333333333333,3.6666666666666665,71.9,0.3333333333333333,0.0,0.6666666666666666,0.3333333333333333,33.3,0.16666666666666666,0.0,0.16666666666666666,0.0,100.0,1.5,0.0,0.0,0.3333333333333333,0.0,1.8,0.05666666666666667,0.3,0.3,3.6666666666666665,14.0,26.2,34.5,4.166666666666667,30.0,32.4,6.166666666666667,59.5,42.3,12.0,0.5,4.2,1.0,1.0,13.9,1.0299910032388202
146,Brice Samba,fr FRA,GK,Lens,fr Ligue 1,30-305,1994,15.0,1.0,90.0,15.0,0.9333333333333333,0.93,3.6,2.6666666666666665,81.5,0.4,0.4,0.2,0.4666666666666667,46.7,0.26666666666666666,0.26666666666666666,0.0,0.0,0.0,0.9333333333333333,0.26666666666666666,0.13333333333333333,0.2,0.0,1.1666666666666667,0.017333333333333333,0.23333333333333334,0.23,5.466666666666667,10.866666666666667,50.3,29.0,4.066666666666666,29.7,30.5,5.066666666666666,44.7,36.1,10.133333333333333,1.1333333333333333,11.2,1.4666666666666666,1.47,16.1,1.221278467898444
147,Robert Sanchez,es ESP,GK,Chelsea,eng Premier League,27-098,1997,21.0,1.0,90.0,21.0,1.2857142857142858,1.29,4.619047619047619,3.2857142857142856,76.3,0.47619047619047616,0.3333333333333333,0.19047619047619047,0.19047619047619047,19.0,0.23809523809523808,0.19047619047619047,0.047619047619047616,0.0,20.0,1.2857142857142858,0.19047619047619047,0.0,0.09523809523809523,0.0,1.319047619047619,0.011904761904761904,0.03333333333333333,0.03,2.857142857142857,12.047619047619047,23.7,38.142857142857146,6.095238095238095,29.2,31.4,2.4285714285714284,37.3,34.0,10.095238095238095,1.380952380952381,13.7,2.142857142857143,2.14,15.3,1.3884726802160612
148,Kaua Santos,br BRA,GK,Eint Frankfurt,de Bundesliga,21-319,2003,5.0,0.8888888888888888,90.0,4.5,2.0,2.0,6.666666666666667,4.888888888888889,73.3,0.4444444444444444,0.2222222222222222,0.2222222222222222,0.2222222222222222,25.0,0.2222222222222222,0.2222222222222222,0.0,0.0,0.0,2.0,0.2222222222222222,0.0,0.6666666666666666,0.2222222222222222,1.7777777777777777,0.05333333333333333,0.0,0.0,2.6666666666666665,10.88888888888889,24.5,32.22222222222222,5.111111111111111,29.0,30.9,3.5555555555555554,43.8,38.8,17.11111111111111,2.0,11.7,1.7777777777777777,1.78,13.6,0.9650142846672203
149,Razvan Sava,ro ROU,GK,Udinese,it Serie A,22-248,2002,12.0,1.0,90.0,12.0,1.3333333333333333,1.33,4.25,3.0833333333333335,74.5,0.4166666666666667,0.3333333333333333,0.25,0.3333333333333333,33.3,0.25,0.25,0.0,0.0,0.0,1.3333333333333333,0.25,0.08333333333333333,0.3333333333333333,0.16666666666666666,1.2083333333333333,0.02,0.041666666666666664,0.04,3.6666666666666665,12.333333333333334,29.7,28.083333333333332,2.1666666666666665,33.2,32.2,4.583333333333333,65.5,47.5,16.833333333333332,0.3333333333333333,2.0,1.0833333333333333,1.08,14.8,0.841351495702501
150,Alexander Schwolow,de GER,GK,Union Berlin,de Bundesliga,32-267,1992,5.0,1.0,90.0,5.0,2.4,2.4,4.8,2.4,54.2,0.2,0.0,0.8,0.0,0.0,0.2,0.2,0.0,0.0,0.0,2.4,0.2,0.0,0.0,0.0,1.64,0.064,-0.76,-0.75,5.0,10.6,47.2,26.6,4.6,29.3,29.9,5.2,53.8,42.3,13.6,0.0,0.0,0.8,0.8,15.0,0.6286397721234924
151,Simone Scuffet,it ITA,GK,Cagliari,it Serie A,28-269,1996,13.0,1.0,90.0,13.0,1.7692307692307692,1.77,4.3076923076923075,2.5384615384615383,67.9,0.23076923076923078,0.23076923076923078,0.5384615384615384,0.07692307692307693,7.7,0.38461538461538464,0.38461538461538464,0.0,0.0,0.0,1.7692307692307692,0.38461538461538464,0.0,0.46153846153846156,0.0,1.5692307692307692,0.02153846153846154,-0.2,-0.2,5.461538461538462,13.923076923076923,39.2,23.46153846153846,3.8461538461538463,42.0,35.5,7.615384615384615,53.5,42.3,14.538461538461538,0.46153846153846156,3.2,0.5384615384615384,0.54,11.8,0.7930335002705472
152,Jacopo Seghetti,it ITA,GK,Empoli,it Serie A,20-007,2005,1.0,1.0,90.0,1.0,3.0,3.0,6.0,3.0,50.0,0.0,0.0,1.0,0.0,0.0,0.0,0.0,0.0,0.0,0.0,3.0,0.0,0.0,0.0,0.0,1.9,0.31,-1.1,-1.12,3.0,9.0,33.3,16.0,5.0,37.5,33.8,5.0,60.0,39.0,4.0,0.0,0.0,1.0,1.0,26.0,0.5822196548677602
153,Matz Sels,be BEL,GK,Nott'ham Forest,eng Premier League,32-364,1992,26.0,1.0,90.0,26.0,1.2692307692307692,1.27,4.461538461538462,3.1923076923076925,73.3,0.5384615384615384,0.19230769230769232,0.2692307692307692,0.38461538461538464,38.5,0.07692307692307693,0.07692307692307693,0.0,0.0,0.0,1.2692307692307692,0.07692307692307693,0.038461538461538464,0.15384615384615385,0.0,1.35,0.011153846153846153,0.08076923076923077,0.08,6.615384615384615,18.73076923076923,35.3,19.0,2.1923076923076925,70.0,45.4,6.730769230769231,80.6,55.4,18.153846153846153,0.6538461538461539,3.6,0.23076923076923078,0.23,7.7,0.5497610044203537
154,Alen Sherri,al ALB,GK,Cagliari,it Serie A,27-071,1997,6.0,1.0,90.0,6.0,1.5,1.5,4.166666666666667,2.6666666666666665,64.0,0.16666666666666666,0.3333333333333333,0.5,0.16666666666666666,16.7,0.0,0.0,0.0,0.0,0.0,1.5,0.0,0.0,0.0,0.0,1.4333333333333333,0.05833333333333333,-0.06666666666666667,-0.07,4.166666666666667,11.166666666666666,37.3,25.0,3.3333333333333335,32.7,30.9,8.0,37.5,34.4,10.666666666666666,0.6666666666666666,6.3,0.8333333333333334,0.83,12.5,0.7930335002705472
155,Rui Silva,pt POR,GK,Betis,es La Liga,31-017,1994,15.0,1.0,90.0,15.0,1.2,1.2,3.6,2.466666666666667,72.2,0.3333333333333333,0.3333333333333333,0.3333333333333333,0.26666666666666666,26.7,0.2,0.2,0.0,0.0,0.0,1.2,0.2,0.0,0.2,0.06666666666666667,1.2266666666666666,0.02,0.09333333333333332,0.1,3.0,9.6,31.3,29.733333333333334,4.666666666666667,26.0,30.8,5.066666666666666,36.8,35.9,12.933333333333334,0.6666666666666666,5.2,2.066666666666667,2.07,18.9,1.0798297691111314
156,Marco Silvestri,it ITA,GK,Empoli,it Serie A,33-359,1991,2.0,1.0,90.0,2.0,4.0,4.0,8.0,4.5,50.0,0.0,0.0,1.0,0.0,0.0,0.0,0.0,0.0,0.0,0.0,4.0,0.0,0.0,1.0,0.5,2.8,0.195,-0.7,-0.71,5.5,16.5,33.3,29.5,3.0,55.9,39.8,1.5,0.0,19.0,15.5,0.0,0.0,1.0,1.0,14.5,0.5822196548677602
157,Unai Simon,es ESP,GK,Athletic Club,es La Liga,27-258,1997,8.0,1.0,90.0,8.0,0.875,0.87,2.875,2.0,69.6,0.5,0.5,0.0,0.25,25.0,0.0,0.0,0.0,0.0,0.0,0.875,0.0,0.0,0.0,0.0,0.8625,0.03875,-0.0125,-0.01,3.875,10.125,38.3,23.125,4.25,29.2,31.4,4.5,75.0,56.9,10.625,0.25,2.4,1.5,1.5,18.0,0.95004162504212
158,Tobias Sippel,de GER,GK,Gladbach,de Bundesliga,36-339,1988,1.0,0.0,84.28571428571429,0.7,4.285714285714286,4.58,5.714285714285714,1.4285714285714286,25.0,0.0,0.0,0.0,0.0,0.0,0.0,0.0,0.0,0.0,0.0,4.285714285714286,0.0,0.0,1.4285714285714286,0.0,1.7142857142857144,0.4285714285714286,-2.5714285714285716,-2.72,12.857142857142858,31.42857142857143,40.9,31.42857142857143,2.857142857142857,45.5,39.2,17.142857142857142,100.0,69.2,18.571428571428573,0.0,0.0,0.0,0.0,2.0,1.0349857153327797
159,Antonio Sivera,es ESP,GK,Alaves,es La Liga,28-197,1996,21.0,1.0194174757281553,89.9514563106796,20.6,1.6019417475728155,1.6,4.077669902912621,2.524271844660194,71.4,0.1941747572815534,0.2912621359223301,0.5339805825242718,0.14563106796116504,14.3,0.4368932038834951,0.4368932038834951,0.0,0.0,0.0,1.6019417475728155,0.4368932038834951,0.0970873786407767,0.04854368932038835,0.04854368932038835,1.5533980582524272,0.014563106796116504,0.0,0.0,9.029126213592232,21.40776699029126,42.2,24.66019417475728,2.7669902912621356,66.3,46.0,6.650485436893203,75.9,55.8,13.155339805825243,1.0194174757281553,7.7,1.0194174757281553,1.02,13.0,0.7834819385069712
160,Lukasz Skorupski,pl POL,GK,Bologna,it Serie A,33-295,1991,17.0,1.0,90.0,17.0,1.2941176470588236,1.29,3.1176470588235294,1.8823529411764706,60.4,0.35294117647058826,0.5294117647058824,0.11764705882352941,0.29411764705882354,29.4,0.11764705882352941,0.058823529411764705,0.058823529411764705,0.0,50.0,1.2941176470588236,0.058823529411764705,0.0,0.058823529411764705,0.11764705882352941,1.1117647058823528,0.019411764705882354,-0.06470588235294118,-0.06,4.705882352941177,12.235294117647058,38.5,34.705882352941174,4.294117647058823,29.3,32.2,3.8823529411764706,53.0,45.1,9.647058823529411,0.6470588235294118,6.7,0.47058823529411764,0.47,11.0,1.3713602278765078
161,Yann Sommer,ch SUI,GK,Inter,it Serie A,36-069,1988,25.0,1.0,90.0,25.0,0.96,0.96,3.4,2.44,74.1,0.64,0.24,0.12,0.44,44.0,0.12,0.08,0.04,0.0,33.3,0.96,0.08,0.0,0.12,0.04,0.9,0.0092,-0.02,-0.02,2.92,6.12,47.7,33.68,4.0,16.6,26.4,3.6,14.4,25.6,10.48,0.44,4.2,0.36,0.36,13.0,1.4660402984777152
162,David Soria,es ESP,GK,Getafe,es La Liga,31-326,1993,25.0,1.0,90.0,25.0,0.8,0.8,3.08,2.24,79.2,0.28,0.36,0.36,0.32,32.0,0.2,0.16,0.04,0.0,20.0,0.8,0.16,0.0,0.08,0.0,0.992,0.011200000000000002,0.192,0.19,7.68,19.84,38.7,18.0,1.8,68.7,47.1,8.4,89.0,60.2,12.72,0.48,3.8,0.76,0.76,13.2,0.646008287522954
163,Juan Soriano,es ESP,GK,Leganes,es La Liga,27-185,1997,6.0,1.0,90.0,6.0,1.1666666666666667,1.17,4.166666666666667,3.1666666666666665,72.0,0.16666666666666666,0.3333333333333333,0.5,0.16666666666666666,16.7,0.0,0.0,0.0,0.0,0.0,1.1666666666666667,0.0,0.0,0.16666666666666666,0.16666666666666666,1.4666666666666668,0.06,0.4666666666666666,0.47,6.0,20.0,30.0,21.833333333333332,3.3333333333333335,56.5,43.9,9.0,85.2,62.8,21.666666666666668,1.1666666666666667,5.4,0.0,0.0,8.4,0.6115273197839388
164,Filip Stankovic,rs SRB,GK,Venezia,it Serie A,22-365,2002,16.0,1.0526315789473684,89.9342105263158,15.2,1.5131578947368423,1.51,5.460526315789474,3.947368421052632,77.1,0.13157894736842105,0.39473684210526316,0.5263157894736842,0.0,0.0,0.32894736842105265,0.2631578947368421,0.06578947368421052,0.0,20.0,1.5131578947368423,0.2631578947368421,0.0,0.19736842105263158,0.06578947368421052,1.6578947368421053,0.017105263157894738,0.2105263157894737,0.21,3.1578947368421053,10.592105263157896,29.8,28.815789473684212,3.355263157894737,29.5,31.6,4.868421052631579,43.2,34.2,16.38157894736842,0.7894736842105263,4.8,0.8552631578947368,0.86,10.8,0.7457044673736087
165,Jason Steele,eng ENG,GK,Brighton,eng Premier League,34-190,1990,2.0,1.0,90.0,2.0,0.5,0.5,2.0,1.5,75.0,1.0,0.0,0.0,0.5,50.0,0.0,0.0,0.0,0.0,0.0,0.5,0.0,0.0,0.0,0.0,0.25,0.06,-0.25,-0.26,3.5,8.0,43.8,55.0,3.5,13.6,25.1,1.0,50.0,43.0,11.0,1.0,9.1,1.5,1.5,15.4,1.1243530017715961
166,Jakub Stolarczyk,pl POL,GK,Leicester City,eng Premier League,24-067,2000,6.0,1.0,90.0,6.0,2.0,2.0,4.833333333333333,2.8333333333333335,58.6,0.16666666666666666,0.0,0.8333333333333334,0.0,0.0,0.0,0.0,0.0,0.0,0.0,2.0,0.0,0.0,0.16666666666666666,0.0,1.8166666666666667,0.06333333333333334,-0.18333333333333335,-0.18,8.0,19.166666666666668,41.7,31.833333333333332,3.8333333333333335,49.7,33.8,5.5,60.6,44.2,18.833333333333332,1.0,5.3,1.0,1.0,12.5,0.7978242423032604
167,Zion Suzuki,jp JPN,GK,Parma,it Serie A,22-187,2002,24.0,0.9677419354838709,87.09677419354838,24.8,1.6129032258064515,1.67,4.354838709677419,2.82258064516129,66.7,0.20161290322580644,0.3225806451612903,0.48387096774193544,0.12096774193548386,12.5,0.16129032258064516,0.16129032258064516,0.0,0.0,0.0,1.6129032258064515,0.16129032258064516,0.12096774193548386,0.12096774193548386,0.08064516129032258,1.560483870967742,0.013306451612903227,0.0282258064516129,0.03,4.435483870967742,17.016129032258064,26.1,33.95161290322581,5.0,40.3,37.0,5.604838709677419,59.7,50.5,16.733870967741936,1.814516129032258,10.8,0.6451612903225806,0.64,10.4,0.7041183958386995
168,Mile Svilar,rs SRB,GK,Roma,it Serie A,25-181,1999,25.0,1.0,90.0,25.0,1.16,1.16,4.12,3.0,75.7,0.4,0.28,0.32,0.32,32.0,0.16,0.16,0.0,0.0,0.0,1.16,0.16,0.0,0.16,0.04,1.188,0.0104,0.068,0.07,2.96,10.32,28.7,32.6,4.68,23.3,29.7,5.04,54.0,44.6,12.24,0.68,5.6,0.88,0.88,14.6,1.2589662239347894
169,Wojciech Szczesny,pl POL,GK,Barcelona,es La Liga,34-312,1990,5.0,1.0,90.0,5.0,0.4,0.4,2.4,2.0,83.3,1.0,0.0,0.0,0.6,60.0,0.0,0.0,0.0,0.0,0.0,0.4,0.0,0.0,0.0,0.0,0.58,0.052000000000000005,0.18,0.18,2.4,6.2,38.7,33.2,5.8,14.5,25.3,3.6,38.9,36.5,12.2,0.6,4.9,3.4,3.4,19.9,1.6777821008468294
170,Marc-Andre ter Stegen,de GER,GK,Barcelona,es La Liga,32-300,1992,6.0,1.0909090909090908,89.81818181818181,5.5,0.9090909090909091,0.91,2.727272727272727,1.8181818181818181,73.3,1.0909090909090908,0.0,0.0,0.18181818181818182,16.7,0.18181818181818182,0.18181818181818182,0.0,0.0,0.0,0.9090909090909091,0.18181818181818182,0.0,0.0,0.0,0.8363636363636363,0.045454545454545456,-0.07272727272727274,-0.08,2.3636363636363638,5.090909090909091,46.4,33.81818181818182,5.636363636363637,13.4,27.3,3.090909090909091,17.6,29.9,11.636363636363637,0.5454545454545454,4.7,1.0909090909090908,1.09,13.9,1.6777821008468294
171,Pietro Terracciano,it ITA,GK,Fiorentina,it Serie A,34-353,1990,3.0,1.0,90.0,3.0,1.0,1.0,4.333333333333333,3.3333333333333335,76.9,0.0,1.0,0.0,0.3333333333333333,33.3,0.0,0.0,0.0,0.0,0.0,1.0,0.0,0.0,0.0,0.0,1.0333333333333334,0.08,0.03333333333333333,0.03,2.6666666666666665,8.333333333333334,32.0,26.0,4.666666666666667,28.2,28.8,3.6666666666666665,27.3,26.5,6.666666666666667,0.3333333333333333,5.0,1.0,1.0,17.0,0.9950000416662499
172,Kevin Trapp,de GER,GK,Eint Frankfurt,de Bundesliga,34-231,1990,19.0,1.027027027027027,90.0,18.5,1.2972972972972974,1.3,5.081081081081081,3.72972972972973,74.5,0.5405405405405406,0.2702702702702703,0.21621621621621623,0.21621621621621623,21.1,0.10810810810810811,0.0,0.10810810810810811,0.0,100.0,1.2972972972972974,0.0,0.0,0.21621621621621623,0.05405405405405406,1.3945945945945946,0.014594594594594595,0.15135135135135133,0.15,2.918918918918919,10.864864864864865,26.9,31.72972972972973,5.1891891891891895,27.9,28.1,5.081081081081081,39.4,36.7,17.027027027027028,0.918918918918919,5.4,0.918918918918919,0.92,13.5,0.9650142846672203
173,Mark Travers,ie IRL,GK,Bournemouth,eng Premier League,25-282,1999,5.0,1.0,90.0,5.0,1.0,1.0,5.0,4.0,80.0,0.4,0.4,0.2,0.2,20.0,0.0,0.0,0.0,0.0,0.0,1.0,0.0,0.2,0.2,0.0,1.9,0.076,0.9,0.9,6.6,14.6,45.2,20.6,5.8,41.7,36.3,7.8,76.9,55.8,12.6,0.2,1.6,1.0,1.0,12.9,0.8316189541291854
174,Stefano Turati,it ITA,GK,Monza,it Serie A,23-172,2001,21.0,1.0144927536231885,90.14492753623189,20.7,1.5458937198067633,1.54,4.444444444444445,2.85024154589372,67.4,0.0966183574879227,0.2898550724637681,0.6280193236714976,0.0966183574879227,9.5,0.1932367149758454,0.0966183574879227,0.0966183574879227,0.0,50.0,1.5458937198067633,0.0966183574879227,0.0,0.33816425120772947,0.04830917874396135,1.502415458937198,0.01497584541062802,0.004830917874396136,0.01,6.618357487922705,16.03864734299517,41.3,30.67632850241546,3.285024154589372,41.9,35.2,4.975845410628019,64.1,47.4,14.492753623188406,0.6280193236714976,4.3,1.0144927536231885,1.01,14.6,0.9301141096835712
175,Sven Ulreich,de GER,GK,Bayern Munich,de Bundesliga,36-205,1988,1.0,1.0,90.0,1.0,0.0,0.0,0.0,0.0,0.0,1.0,0.0,0.0,1.0,100.0,0.0,0.0,0.0,0.0,0.0,0.0,0.0,0.0,0.0,0.0,0.0,0.0,0.0,0.0,3.0,8.0,37.5,29.0,4.0,27.6,28.2,1.0,0.0,9.0,7.0,1.0,14.3,1.0,1.0,12.3,1.7464988397557184
176,Maarten Vandevoordt,be BEL,GK,RB Leipzig,de Bundesliga,22-364,2002,2.0,0.6666666666666666,90.0,1.5,0.6666666666666666,0.67,4.0,3.3333333333333335,83.3,0.6666666666666666,0.0,0.0,0.0,0.0,0.0,0.0,0.0,0.0,0.0,0.6666666666666666,0.0,0.0,0.0,0.0,0.7333333333333334,0.12,0.06666666666666667,0.03,2.6666666666666665,10.666666666666666,25.0,22.666666666666668,7.333333333333333,20.6,27.0,10.0,60.0,47.0,19.333333333333332,2.0,10.3,1.3333333333333333,1.33,12.8,1.148885033623318
177,Nikola Vasilj,ba BIH,GK,St. Pauli,de Bundesliga,29-084,1995,23.0,1.0,90.0,23.0,1.173913043478261,1.17,4.130434782608695,2.869565217391304,71.6,0.2608695652173913,0.13043478260869565,0.6086956521739131,0.30434782608695654,30.4,0.13043478260869565,0.0,0.13043478260869565,0.0,100.0,1.173913043478261,0.0,0.0,0.17391304347826086,0.043478260869565216,1.3695652173913044,0.013478260869565217,0.2391304347826087,0.24,4.956521739130435,14.782608695652174,33.5,38.04347826086956,3.6956521739130435,33.6,32.2,4.521739130434782,44.2,37.6,13.347826086956522,0.7391304347826086,5.5,0.9130434782608695,0.91,13.6,0.722473649702316
178,Devis Vasquez,co COL,GK,Empoli,it Serie A,26-288,1998,23.0,1.0,90.0,23.0,1.391304347826087,1.39,4.043478260869565,2.608695652173913,66.7,0.17391304347826086,0.391304347826087,0.43478260869565216,0.21739130434782608,21.7,0.13043478260869565,0.043478260869565216,0.043478260869565216,0.043478260869565216,50.0,1.391304347826087,0.043478260869565216,0.0,0.13043478260869565,0.0,1.2391304347826086,0.012608695652173912,-0.15217391304347827,-0.15,5.043478260869565,17.47826086956522,28.9,30.304347826086957,3.3043478260869565,47.1,38.6,4.956521739130435,64.9,51.6,17.130434782608695,1.2173913043478262,7.1,0.43478260869565216,0.43,10.4,0.5822196548677602
179,Bart Verbruggen,nl NED,GK,Brighton,eng Premier League,22-190,2002,24.0,1.0,90.0,24.0,1.5416666666666667,1.54,3.875,2.4166666666666665,66.7,0.3333333333333333,0.4166666666666667,0.25,0.25,25.0,0.25,0.25,0.0,0.0,0.0,1.5416666666666667,0.25,0.041666666666666664,0.16666666666666666,0.08333333333333333,1.375,0.012916666666666667,-0.08333333333333333,-0.08,3.375,10.333333333333334,32.7,35.125,3.75,24.7,28.9,2.4166666666666665,69.0,49.2,11.708333333333334,0.7916666666666666,6.8,1.5833333333333333,1.58,14.8,1.1243530017715961
180,Guglielmo Vicario,it ITA,GK,Tottenham,eng Premier League,28-140,1996,14.0,1.0,90.0,14.0,1.0,1.0,3.7142857142857144,2.7142857142857144,73.1,0.5714285714285714,0.07142857142857142,0.35714285714285715,0.2857142857142857,28.6,0.0,0.0,0.0,0.0,0.0,1.0,0.0,0.0,0.14285714285714285,0.0,1.2285714285714284,0.023571428571428573,0.2285714285714286,0.23,0.7142857142857143,2.642857142857143,27.0,34.142857142857146,5.285714285714286,7.1,21.1,2.9285714285714284,7.3,20.0,12.785714285714286,1.4285714285714286,11.2,1.5,1.5,13.8,1.345214034135521
181,Fran Vieites,es ESP,GK,Betis,es La Liga,25-293,1999,4.0,1.0,90.0,4.0,1.25,1.25,2.75,1.5,54.5,0.25,0.5,0.25,0.0,0.0,0.0,0.0,0.0,0.0,0.0,1.25,0.0,0.0,0.0,0.0,1.175,0.105,-0.075,-0.09,3.0,13.5,22.2,22.5,4.0,40.0,38.0,7.25,62.1,46.4,16.25,1.5,9.2,1.0,1.0,12.8,1.0798297691111314
182,Ivan Villar,es ESP,GK,Celta Vigo,es La Liga,27-230,1997,4.0,1.0,90.0,4.0,2.25,2.25,4.5,2.5,50.0,0.5,0.0,0.5,0.0,0.0,0.25,0.0,0.25,0.0,100.0,2.25,0.0,0.0,0.75,0.5,2.05,0.1,0.3,0.3,0.75,5.5,13.6,20.5,3.75,14.6,24.0,8.75,28.6,26.9,16.25,0.25,1.5,1.25,1.25,14.8,1.1780808681173303
183,Christian Walton,eng ENG,GK,Ipswich Town,eng Premier League,29-107,1995,6.0,1.0,90.0,6.0,2.6666666666666665,2.67,5.5,2.8333333333333335,57.6,0.16666666666666666,0.16666666666666666,0.6666666666666666,0.16666666666666666,16.7,0.3333333333333333,0.3333333333333333,0.0,0.0,0.0,2.6666666666666665,0.3333333333333333,0.0,0.0,0.0,2.5,0.06833333333333333,-0.16666666666666666,-0.17,6.333333333333333,18.0,35.2,29.333333333333332,4.5,45.5,35.2,8.333333333333334,56.0,43.8,17.5,1.8333333333333333,10.5,0.16666666666666666,0.17,7.6,0.5497610044203537
184,Danny Ward,wls WAL,GK,Leicester City,eng Premier League,31-247,1993,2.0,0.6666666666666666,90.0,1.5,4.0,4.0,6.666666666666667,2.6666666666666665,40.0,0.0,0.0,0.6666666666666666,0.0,0.0,0.0,0.0,0.0,0.0,0.0,4.0,0.0,0.0,0.0,0.0,1.8666666666666665,0.18666666666666668,-2.1333333333333333,-2.11,6.666666666666667,14.666666666666666,45.5,30.666666666666668,6.0,37.0,32.0,4.666666666666667,71.4,52.0,7.333333333333333,0.0,0.0,1.3333333333333333,1.33,20.7,0.7978242423032604
185,Timon Weiner,de GER,GK,Holstein Kiel,de Bundesliga,26-037,1999,22.0,1.0,90.0,22.0,2.5454545454545454,2.55,5.909090909090909,3.4545454545454546,60.0,0.13636363636363635,0.18181818181818182,0.6818181818181818,0.045454545454545456,4.5,0.18181818181818182,0.18181818181818182,0.0,0.0,0.0,2.5454545454545454,0.18181818181818182,0.09090909090909091,0.22727272727272727,0.09090909090909091,1.9954545454545454,0.014545454545454545,-0.45909090909090905,-0.46,7.090909090909091,18.5,38.3,30.954545454545453,4.363636363636363,42.4,35.2,8.090909090909092,66.3,49.4,20.045454545454547,1.0909090909090908,5.4,0.5909090909090909,0.59,10.4,0.6503894548353731
186,Robin Zentner,de GER,GK,Mainz 05,de Bundesliga,30-119,1994,23.0,1.0,90.0,23.0,1.0434782608695652,1.04,4.173913043478261,3.0869565217391304,78.1,0.4782608695652174,0.21739130434782608,0.30434782608695654,0.391304347826087,39.1,0.17391304347826086,0.13043478260869565,0.043478260869565216,0.0,25.0,1.0434782608695652,0.13043478260869565,0.08695652173913043,0.17391304347826086,0.0,1.2130434782608694,0.011304347826086957,0.16956521739130434,0.17,5.173913043478261,17.565217391304348,29.5,31.47826086956522,4.739130434782608,44.3,38.0,5.6521739130434785,63.8,51.9,17.347826086956523,1.565217391304348,9.0,2.0434782608695654,2.04,14.0,0.9650142846672203
187,Michael Zetterer,de GER,GK,Werder Bremen,de Bundesliga,29-227,1995,23.0,1.0,90.0,23.0,2.0434782608695654,2.04,4.913043478260869,3.0,60.2,0.34782608695652173,0.2608695652173913,0.391304347826087,0.17391304347826086,17.4,0.08695652173913043,0.08695652173913043,0.0,0.0,0.0,2.0434782608695654,0.08695652173913043,0.08695652173913043,0.08695652173913043,0.13043478260869565,1.6869565217391302,0.014347826086956523,-0.22608695652173913,-0.23,3.739130434782609,10.217391304347826,36.6,36.56521739130435,5.3478260869565215,25.3,30.7,3.652173913043478,26.2,33.4,13.608695652173912,1.0434782608695652,7.7,0.7391304347826086,0.74,12.6,1.0349857153327797
